neighborhood,timestamp,pm25,noise_db,water_gal,sensor_id,injected_anomaly
Ashford,2026-03-01T00:00:00Z,5.73,40.14,228.78,ASH-ENV-01,
Ashford,2026-03-01T01:00:00Z,5.25,36.82,207.29,ASH-ENV-02,
Ashford,2026-03-01T02:00:00Z,6.26,38.44,222.75,ASH-ENV-03,
Ashford,2026-03-01T03:00:00Z,6.21,38.55,253.74,ASH-ENV-01,
Ashford,2026-03-01T04:00:00Z,6.33,39.38,229.40,ASH-ENV-02,
Ashford,2026-03-01T05:00:00Z,7.27,44.10,258.62,ASH-ENV-03,
Ashford,2026-03-01T06:00:00Z,8.50,42.53,308.42,ASH-ENV-01,
Ashford,2026-03-01T07:00:00Z,9.32,47.33,306.82,ASH-ENV-02,
Ashford,2026-03-01T08:00:00Z,8.72,46.81,337.22,ASH-ENV-03,
Ashford,2026-03-01T09:00:00Z,9.80,48.52,362.46,ASH-ENV-01,
Ashford,2026-03-01T10:00:00Z,9.92,47.84,395.13,ASH-ENV-02,
Ashford,2026-03-01T11:00:00Z,10.13,49.46,382.03,ASH-ENV-03,
Ashford,2026-03-01T12:00:00Z,9.30,51.81,436.74,ASH-ENV-01,
Ashford,2026-03-01T13:00:00Z,10.29,51.00,399.59,ASH-ENV-02,
Ashford,2026-03-01T14:00:00Z,10.18,47.63,386.86,ASH-ENV-03,
Ashford,2026-03-01T15:00:00Z,9.39,49.26,371.56,ASH-ENV-01,
Ashford,2026-03-01T16:00:00Z,9.01,46.61,355.65,ASH-ENV-02,
Ashford,2026-03-01T17:00:00Z,9.03,44.18,346.11,ASH-ENV-03,
Ashford,2026-03-01T18:00:00Z,8.49,43.80,329.10,ASH-ENV-01,
Ashford,2026-03-01T19:00:00Z,6.04,42.75,294.63,ASH-ENV-02,
Ashford,2026-03-01T20:00:00Z,8.00,40.03,248.79,ASH-ENV-03,
Ashford,2026-03-01T21:00:00Z,6.95,38.42,213.99,ASH-ENV-01,
Ashford,2026-03-01T22:00:00Z,7.14,42.21,215.47,ASH-ENV-02,
Ashford,2026-03-01T23:00:00Z,5.14,36.79,205.48,ASH-ENV-03,
Ashford,2026-03-02T00:00:00Z,5.29,37.30,212.71,ASH-ENV-01,
Ashford,2026-03-02T01:00:00Z,5.29,38.40,215.53,ASH-ENV-02,
Ashford,2026-03-02T02:00:00Z,7.03,38.42,234.96,ASH-ENV-03,
Ashford,2026-03-02T03:00:00Z,7.44,39.71,231.77,ASH-ENV-01,
Ashford,2026-03-02T04:00:00Z,8.31,42.69,278.87,ASH-ENV-02,
Ashford,2026-03-02T05:00:00Z,6.65,41.23,326.54,ASH-ENV-03,
Ashford,2026-03-02T06:00:00Z,8.81,44.85,323.17,ASH-ENV-01,
Ashford,2026-03-02T07:00:00Z,8.78,45.16,321.14,ASH-ENV-02,
Ashford,2026-03-02T08:00:00Z,8.84,46.28,348.66,ASH-ENV-03,
Ashford,2026-03-02T09:00:00Z,9.54,50.42,378.90,ASH-ENV-01,
Ashford,2026-03-02T10:00:00Z,8.32,47.57,369.72,ASH-ENV-02,
Ashford,2026-03-02T11:00:00Z,10.69,50.97,408.62,ASH-ENV-03,
Ashford,2026-03-02T12:00:00Z,9.48,52.19,414.86,ASH-ENV-01,
Ashford,2026-03-02T13:00:00Z,9.87,50.38,391.28,ASH-ENV-02,
Ashford,2026-03-02T14:00:00Z,10.30,49.44,380.69,ASH-ENV-03,
Ashford,2026-03-02T15:00:00Z,9.29,49.50,386.23,ASH-ENV-01,
Ashford,2026-03-02T16:00:00Z,8.65,47.58,358.73,ASH-ENV-02,
Ashford,2026-03-02T17:00:00Z,7.35,43.42,321.65,ASH-ENV-03,
Ashford,2026-03-02T18:00:00Z,8.64,43.86,285.59,ASH-ENV-01,
Ashford,2026-03-02T19:00:00Z,7.95,42.26,284.97,ASH-ENV-02,
Ashford,2026-03-02T20:00:00Z,7.71,44.09,246.72,ASH-ENV-03,
Ashford,2026-03-02T21:00:00Z,6.27,40.41,237.02,ASH-ENV-01,
Ashford,2026-03-02T22:00:00Z,5.39,36.48,255.60,ASH-ENV-02,
Ashford,2026-03-02T23:00:00Z,6.45,38.03,221.02,ASH-ENV-03,
Ashford,2026-03-03T00:00:00Z,6.37,40.10,238.33,ASH-ENV-01,
Ashford,2026-03-03T01:00:00Z,6.39,39.83,224.56,ASH-ENV-02,
Ashford,2026-03-03T02:00:00Z,6.03,39.77,224.88,ASH-ENV-03,
Ashford,2026-03-03T03:00:00Z,5.99,38.78,245.85,ASH-ENV-01,
Ashford,2026-03-03T04:00:00Z,6.84,40.13,268.30,ASH-ENV-02,
Ashford,2026-03-03T05:00:00Z,7.48,43.79,285.79,ASH-ENV-03,
Ashford,2026-03-03T06:00:00Z,8.22,43.55,298.05,ASH-ENV-01,
Ashford,2026-03-03T07:00:00Z,8.26,44.75,336.78,ASH-ENV-02,
Ashford,2026-03-03T08:00:00Z,8.54,47.71,340.95,ASH-ENV-03,
Ashford,2026-03-03T09:00:00Z,8.59,47.58,355.51,ASH-ENV-01,
Ashford,2026-03-03T10:00:00Z,8.75,48.83,394.96,ASH-ENV-02,
Ashford,2026-03-03T11:00:00Z,10.14,51.67,409.90,ASH-ENV-03,
Ashford,2026-03-03T12:00:00Z,10.26,50.38,423.05,ASH-ENV-01,
Ashford,2026-03-03T13:00:00Z,10.62,49.26,412.50,ASH-ENV-02,
Ashford,2026-03-03T14:00:00Z,9.68,47.28,339.38,ASH-ENV-03,
Ashford,2026-03-03T15:00:00Z,9.45,48.01,388.46,ASH-ENV-01,
Ashford,2026-03-03T16:00:00Z,9.08,45.21,347.84,ASH-ENV-02,
Ashford,2026-03-03T17:00:00Z,9.03,43.67,341.25,ASH-ENV-03,
Ashford,2026-03-03T18:00:00Z,7.64,43.43,300.33,ASH-ENV-01,
Ashford,2026-03-03T19:00:00Z,7.52,42.99,252.92,ASH-ENV-02,
Ashford,2026-03-03T20:00:00Z,6.18,42.11,258.62,ASH-ENV-03,
Ashford,2026-03-03T21:00:00Z,5.66,37.78,256.51,ASH-ENV-01,
Ashford,2026-03-03T22:00:00Z,5.43,36.58,223.76,ASH-ENV-02,
Ashford,2026-03-03T23:00:00Z,6.10,37.31,207.16,ASH-ENV-03,
Ashford,2026-03-04T00:00:00Z,6.09,37.02,212.85,ASH-ENV-01,
Ashford,2026-03-04T01:00:00Z,5.81,38.45,186.62,ASH-ENV-02,
Ashford,2026-03-04T02:00:00Z,6.49,40.34,249.47,ASH-ENV-03,
Ashford,2026-03-04T03:00:00Z,6.04,38.15,254.22,ASH-ENV-01,
Ashford,2026-03-04T04:00:00Z,6.50,41.97,255.14,ASH-ENV-02,
Ashford,2026-03-04T05:00:00Z,7.44,41.70,277.48,ASH-ENV-03,
Ashford,2026-03-04T06:00:00Z,7.98,41.96,279.23,ASH-ENV-01,
Ashford,2026-03-04T07:00:00Z,8.06,44.98,294.25,ASH-ENV-02,
Ashford,2026-03-04T08:00:00Z,10.24,46.42,349.86,ASH-ENV-03,
Ashford,2026-03-04T09:00:00Z,9.46,50.44,378.73,ASH-ENV-01,
Ashford,2026-03-04T10:00:00Z,9.91,49.39,380.75,ASH-ENV-02,
Ashford,2026-03-04T11:00:00Z,10.57,49.26,392.82,ASH-ENV-03,
Ashford,2026-03-04T12:00:00Z,9.65,50.46,416.65,ASH-ENV-01,
Ashford,2026-03-04T13:00:00Z,10.70,49.80,413.30,ASH-ENV-02,
Ashford,2026-03-04T14:00:00Z,9.89,50.52,394.08,ASH-ENV-03,
Ashford,2026-03-04T15:00:00Z,8.61,48.27,378.93,ASH-ENV-01,
Ashford,2026-03-04T16:00:00Z,9.06,49.19,309.66,ASH-ENV-02,
Ashford,2026-03-04T17:00:00Z,8.74,45.66,343.64,ASH-ENV-03,
Ashford,2026-03-04T18:00:00Z,8.18,44.38,302.62,ASH-ENV-01,
Ashford,2026-03-04T19:00:00Z,7.94,39.92,277.68,ASH-ENV-02,
Ashford,2026-03-04T20:00:00Z,6.64,40.97,253.49,ASH-ENV-03,
Ashford,2026-03-04T21:00:00Z,5.71,41.35,236.56,ASH-ENV-01,
Ashford,2026-03-04T22:00:00Z,5.78,38.89,207.02,ASH-ENV-02,
Ashford,2026-03-04T23:00:00Z,6.33,35.13,193.68,ASH-ENV-03,
Ashford,2026-03-05T00:00:00Z,4.87,35.51,241.41,ASH-ENV-01,
Ashford,2026-03-05T01:00:00Z,5.29,37.33,207.36,ASH-ENV-02,
Ashford,2026-03-05T02:00:00Z,4.85,38.88,237.06,ASH-ENV-03,
Ashford,2026-03-05T03:00:00Z,6.90,39.35,219.02,ASH-ENV-01,
Ashford,2026-03-05T04:00:00Z,7.36,40.82,253.54,ASH-ENV-02,
Ashford,2026-03-05T05:00:00Z,6.77,43.04,293.50,ASH-ENV-03,
Ashford,2026-03-05T06:00:00Z,6.48,44.00,287.11,ASH-ENV-01,
Ashford,2026-03-05T07:00:00Z,9.12,44.75,349.02,ASH-ENV-02,
Ashford,2026-03-05T08:00:00Z,8.91,48.05,378.41,ASH-ENV-03,
Ashford,2026-03-05T09:00:00Z,10.05,46.70,367.97,ASH-ENV-01,
Ashford,2026-03-05T10:00:00Z,9.93,49.44,388.77,ASH-ENV-02,
Ashford,2026-03-05T11:00:00Z,10.41,49.76,370.45,ASH-ENV-03,
Ashford,2026-03-05T12:00:00Z,10.44,48.44,388.79,ASH-ENV-01,
Ashford,2026-03-05T13:00:00Z,11.68,51.20,409.31,ASH-ENV-02,
Ashford,2026-03-05T14:00:00Z,9.76,47.75,402.04,ASH-ENV-03,
Ashford,2026-03-05T15:00:00Z,9.49,48.46,378.91,ASH-ENV-01,
Ashford,2026-03-05T16:00:00Z,8.94,47.37,389.87,ASH-ENV-02,
Ashford,2026-03-05T17:00:00Z,8.53,45.42,343.80,ASH-ENV-03,
Ashford,2026-03-05T18:00:00Z,8.48,44.07,335.00,ASH-ENV-01,
Ashford,2026-03-05T19:00:00Z,7.87,44.57,273.69,ASH-ENV-02,
Ashford,2026-03-05T20:00:00Z,7.52,39.98,244.88,ASH-ENV-03,
Ashford,2026-03-05T21:00:00Z,6.93,40.90,272.63,ASH-ENV-01,
Ashford,2026-03-05T22:00:00Z,6.80,39.32,201.04,ASH-ENV-02,
Ashford,2026-03-05T23:00:00Z,6.66,38.68,204.06,ASH-ENV-03,
Ashford,2026-03-06T00:00:00Z,6.36,35.16,202.87,ASH-ENV-01,
Ashford,2026-03-06T01:00:00Z,6.24,37.75,242.56,ASH-ENV-02,
Ashford,2026-03-06T02:00:00Z,5.49,36.16,250.26,ASH-ENV-03,
Ashford,2026-03-06T03:00:00Z,7.15,42.14,272.32,ASH-ENV-01,
Ashford,2026-03-06T04:00:00Z,6.57,41.63,277.14,ASH-ENV-02,
Ashford,2026-03-06T05:00:00Z,8.23,44.14,297.82,ASH-ENV-03,
Ashford,2026-03-06T06:00:00Z,6.91,45.70,315.54,ASH-ENV-01,
Ashford,2026-03-06T07:00:00Z,9.61,48.10,322.92,ASH-ENV-02,
Ashford,2026-03-06T08:00:00Z,8.47,45.56,356.24,ASH-ENV-03,
Ashford,2026-03-06T09:00:00Z,9.25,47.83,360.37,ASH-ENV-01,
Ashford,2026-03-06T10:00:00Z,9.96,45.06,379.48,ASH-ENV-02,
Ashford,2026-03-06T11:00:00Z,10.74,49.63,420.61,ASH-ENV-03,
Ashford,2026-03-06T12:00:00Z,9.62,51.16,406.12,ASH-ENV-01,
Ashford,2026-03-06T13:00:00Z,10.83,49.55,364.83,ASH-ENV-02,
Ashford,2026-03-06T14:00:00Z,9.42,48.55,400.70,ASH-ENV-03,
Ashford,2026-03-06T15:00:00Z,8.93,48.36,417.86,ASH-ENV-01,
Ashford,2026-03-06T16:00:00Z,9.23,49.79,343.92,ASH-ENV-02,
Ashford,2026-03-06T17:00:00Z,7.60,47.23,338.64,ASH-ENV-03,
Ashford,2026-03-06T18:00:00Z,9.51,36.82,320.10,ASH-ENV-01,
Ashford,2026-03-06T19:00:00Z,7.83,40.63,271.03,ASH-ENV-02,
Ashford,2026-03-06T20:00:00Z,7.04,45.55,237.21,ASH-ENV-03,
Ashford,2026-03-06T21:00:00Z,5.46,39.64,276.08,ASH-ENV-01,
Ashford,2026-03-06T22:00:00Z,6.16,39.49,207.81,ASH-ENV-02,
Ashford,2026-03-06T23:00:00Z,6.26,37.79,233.74,ASH-ENV-03,
Ashford,2026-03-07T00:00:00Z,5.62,38.42,214.93,ASH-ENV-01,
Ashford,2026-03-07T01:00:00Z,5.98,38.22,229.85,ASH-ENV-02,
Ashford,2026-03-07T02:00:00Z,5.73,36.25,266.77,ASH-ENV-03,
Ashford,2026-03-07T03:00:00Z,6.32,40.12,232.89,ASH-ENV-01,
Ashford,2026-03-07T04:00:00Z,6.42,40.10,247.06,ASH-ENV-02,
Ashford,2026-03-07T05:00:00Z,6.68,41.86,271.16,ASH-ENV-03,
Ashford,2026-03-07T06:00:00Z,7.54,84.01,316.45,ASH-ENV-01,noise_db
Ashford,2026-03-07T07:00:00Z,7.75,44.18,316.79,ASH-ENV-02,
Ashford,2026-03-07T08:00:00Z,9.14,46.55,333.37,ASH-ENV-03,
Ashford,2026-03-07T09:00:00Z,10.22,47.82,386.45,ASH-ENV-01,
Ashford,2026-03-07T10:00:00Z,10.24,49.22,369.27,ASH-ENV-02,
Ashford,2026-03-07T11:00:00Z,8.90,49.78,416.58,ASH-ENV-03,
Ashford,2026-03-07T12:00:00Z,10.89,48.26,391.15,ASH-ENV-01,
Ashford,2026-03-07T13:00:00Z,10.72,53.45,414.14,ASH-ENV-02,
Ashford,2026-03-07T14:00:00Z,9.58,49.38,374.68,ASH-ENV-03,
Ashford,2026-03-07T15:00:00Z,10.12,47.78,388.75,ASH-ENV-01,
Ashford,2026-03-07T16:00:00Z,7.97,48.23,302.38,ASH-ENV-02,
Ashford,2026-03-07T17:00:00Z,7.45,46.56,346.08,ASH-ENV-03,
Ashford,2026-03-07T18:00:00Z,8.54,43.09,289.08,ASH-ENV-01,
Ashford,2026-03-07T19:00:00Z,8.34,40.27,284.70,ASH-ENV-02,
Ashford,2026-03-07T20:00:00Z,6.81,40.95,242.50,ASH-ENV-03,
Ashford,2026-03-07T21:00:00Z,6.25,39.49,290.40,ASH-ENV-01,
Ashford,2026-03-07T22:00:00Z,6.08,37.92,224.77,ASH-ENV-02,
Ashford,2026-03-07T23:00:00Z,6.00,38.35,215.55,ASH-ENV-03,
Ashford,2026-03-08T00:00:00Z,5.73,38.97,204.35,ASH-ENV-01,
Ashford,2026-03-08T01:00:00Z,6.81,38.01,196.90,ASH-ENV-02,
Ashford,2026-03-08T02:00:00Z,5.16,37.61,243.63,ASH-ENV-03,
Ashford,2026-03-08T03:00:00Z,5.91,35.36,268.44,ASH-ENV-01,
Ashford,2026-03-08T04:00:00Z,6.59,41.63,212.47,ASH-ENV-02,
Ashford,2026-03-08T05:00:00Z,7.86,40.87,268.20,ASH-ENV-03,
Ashford,2026-03-08T06:00:00Z,7.81,43.52,276.77,ASH-ENV-01,
Ashford,2026-03-08T07:00:00Z,7.59,44.40,322.64,ASH-ENV-02,
Ashford,2026-03-08T08:00:00Z,8.04,49.73,335.96,ASH-ENV-03,
Ashford,2026-03-08T09:00:00Z,9.37,49.24,346.66,ASH-ENV-01,
Ashford,2026-03-08T10:00:00Z,9.76,47.30,382.80,ASH-ENV-02,
Ashford,2026-03-08T11:00:00Z,11.03,46.60,402.07,ASH-ENV-03,
Ashford,2026-03-08T12:00:00Z,10.44,51.84,402.79,ASH-ENV-01,
Ashford,2026-03-08T13:00:00Z,9.83,50.24,389.39,ASH-ENV-02,
Ashford,2026-03-08T14:00:00Z,9.93,49.03,380.22,ASH-ENV-03,
Ashford,2026-03-08T15:00:00Z,9.28,50.87,385.50,ASH-ENV-01,
Ashford,2026-03-08T16:00:00Z,8.82,47.15,316.30,ASH-ENV-02,
Ashford,2026-03-08T17:00:00Z,8.87,45.34,331.17,ASH-ENV-03,
Ashford,2026-03-08T18:00:00Z,7.46,45.73,300.23,ASH-ENV-01,
Ashford,2026-03-08T19:00:00Z,7.45,42.29,288.63,ASH-ENV-02,
Ashford,2026-03-08T20:00:00Z,6.57,42.09,248.10,ASH-ENV-03,
Ashford,2026-03-08T21:00:00Z,6.16,38.44,255.63,ASH-ENV-01,
Ashford,2026-03-08T22:00:00Z,7.30,39.50,253.05,ASH-ENV-02,
Ashford,2026-03-08T23:00:00Z,5.36,37.28,219.13,ASH-ENV-03,
Ashford,2026-03-09T00:00:00Z,7.74,38.16,199.18,ASH-ENV-01,
Ashford,2026-03-09T01:00:00Z,5.95,39.90,228.65,ASH-ENV-02,
Ashford,2026-03-09T02:00:00Z,5.88,40.14,218.21,ASH-ENV-03,
Ashford,2026-03-09T03:00:00Z,6.23,39.52,256.69,ASH-ENV-01,
Ashford,2026-03-09T04:00:00Z,7.10,42.13,238.73,ASH-ENV-02,
Ashford,2026-03-09T05:00:00Z,7.69,45.06,256.64,ASH-ENV-03,
Ashford,2026-03-09T06:00:00Z,8.45,44.87,285.95,ASH-ENV-01,
Ashford,2026-03-09T07:00:00Z,8.70,46.39,318.45,ASH-ENV-02,
Ashford,2026-03-09T08:00:00Z,8.40,45.69,359.19,ASH-ENV-03,
Ashford,2026-03-09T09:00:00Z,10.79,50.06,392.71,ASH-ENV-01,
Ashford,2026-03-09T10:00:00Z,9.78,50.77,386.92,ASH-ENV-02,
Ashford,2026-03-09T11:00:00Z,10.18,51.53,398.96,ASH-ENV-03,
Ashford,2026-03-09T12:00:00Z,10.67,50.99,412.74,ASH-ENV-01,
Ashford,2026-03-09T13:00:00Z,9.08,48.80,421.19,ASH-ENV-02,
Ashford,2026-03-09T14:00:00Z,9.66,50.27,393.79,ASH-ENV-03,
Ashford,2026-03-09T15:00:00Z,8.70,47.27,372.98,ASH-ENV-01,
Ashford,2026-03-09T16:00:00Z,9.57,50.56,350.74,ASH-ENV-02,
Ashford,2026-03-09T17:00:00Z,8.84,45.24,329.11,ASH-ENV-03,
Ashford,2026-03-09T18:00:00Z,8.87,45.62,288.22,ASH-ENV-01,
Ashford,2026-03-09T19:00:00Z,7.86,43.95,285.56,ASH-ENV-02,
Ashford,2026-03-09T20:00:00Z,5.14,42.14,258.43,ASH-ENV-03,
Ashford,2026-03-09T21:00:00Z,6.34,39.71,276.43,ASH-ENV-01,
Ashford,2026-03-09T22:00:00Z,5.45,39.91,247.45,ASH-ENV-02,
Ashford,2026-03-09T23:00:00Z,6.68,38.94,183.79,ASH-ENV-03,
Ashford,2026-03-10T00:00:00Z,6.19,39.40,225.01,ASH-ENV-01,
Ashford,2026-03-10T01:00:00Z,5.67,38.55,210.27,ASH-ENV-02,
Ashford,2026-03-10T02:00:00Z,7.57,37.43,207.78,ASH-ENV-03,
Ashford,2026-03-10T03:00:00Z,6.86,38.35,265.97,ASH-ENV-01,
Ashford,2026-03-10T04:00:00Z,7.15,42.64,265.98,ASH-ENV-02,
Ashford,2026-03-10T05:00:00Z,6.39,44.79,296.79,ASH-ENV-03,
Ashford,2026-03-10T06:00:00Z,8.08,42.50,302.81,ASH-ENV-01,
Ashford,2026-03-10T07:00:00Z,9.05,46.55,332.73,ASH-ENV-02,
Ashford,2026-03-10T08:00:00Z,8.97,49.75,341.14,ASH-ENV-03,
Ashford,2026-03-10T09:00:00Z,9.29,49.63,387.17,ASH-ENV-01,
Ashford,2026-03-10T10:00:00Z,10.25,50.09,405.85,ASH-ENV-02,
Ashford,2026-03-10T11:00:00Z,8.64,46.89,396.99,ASH-ENV-03,
Ashford,2026-03-10T12:00:00Z,8.97,47.33,437.43,ASH-ENV-01,
Ashford,2026-03-10T13:00:00Z,9.85,48.33,410.18,ASH-ENV-02,
Ashford,2026-03-10T14:00:00Z,11.27,49.72,378.72,ASH-ENV-03,
Ashford,2026-03-10T15:00:00Z,9.33,46.63,363.71,ASH-ENV-01,
Ashford,2026-03-10T16:00:00Z,8.82,46.56,372.56,ASH-ENV-02,
Ashford,2026-03-10T17:00:00Z,8.68,47.67,297.95,ASH-ENV-03,
Ashford,2026-03-10T18:00:00Z,7.30,42.22,324.70,ASH-ENV-01,
Ashford,2026-03-10T19:00:00Z,6.98,45.28,273.56,ASH-ENV-02,
Ashford,2026-03-10T20:00:00Z,7.30,41.92,266.52,ASH-ENV-03,
Ashford,2026-03-10T21:00:00Z,7.51,43.25,222.00,ASH-ENV-01,
Ashford,2026-03-10T22:00:00Z,6.43,40.26,225.56,ASH-ENV-02,
Ashford,2026-03-10T23:00:00Z,5.61,33.22,217.57,ASH-ENV-03,
Ashford,2026-03-11T00:00:00Z,5.92,39.01,205.31,ASH-ENV-01,
Ashford,2026-03-11T01:00:00Z,6.47,39.01,202.68,ASH-ENV-02,
Ashford,2026-03-11T02:00:00Z,6.23,41.37,256.23,ASH-ENV-03,
Ashford,2026-03-11T03:00:00Z,5.40,42.77,230.02,ASH-ENV-01,
Ashford,2026-03-11T04:00:00Z,7.25,45.05,258.89,ASH-ENV-02,
Ashford,2026-03-11T05:00:00Z,7.48,40.50,311.92,ASH-ENV-03,
Ashford,2026-03-11T06:00:00Z,8.57,44.12,358.91,ASH-ENV-01,
Ashford,2026-03-11T07:00:00Z,8.54,43.12,349.66,ASH-ENV-02,
Ashford,2026-03-11T08:00:00Z,8.78,47.10,371.83,ASH-ENV-03,
Ashford,2026-03-11T09:00:00Z,9.89,48.12,383.12,ASH-ENV-01,
Ashford,2026-03-11T10:00:00Z,10.17,49.36,402.18,ASH-ENV-02,
Ashford,2026-03-11T11:00:00Z,9.80,49.60,407.50,ASH-ENV-03,
Ashford,2026-03-11T12:00:00Z,9.95,49.74,364.71,ASH-ENV-01,
Ashford,2026-03-11T13:00:00Z,10.46,49.00,434.66,ASH-ENV-02,
Ashford,2026-03-11T14:00:00Z,11.27,48.92,402.38,ASH-ENV-03,
Ashford,2026-03-11T15:00:00Z,9.07,48.13,348.75,ASH-ENV-01,
Ashford,2026-03-11T16:00:00Z,8.85,47.48,330.93,ASH-ENV-02,
Ashford,2026-03-11T17:00:00Z,7.31,45.78,311.46,ASH-ENV-03,
Ashford,2026-03-11T18:00:00Z,8.29,44.07,275.13,ASH-ENV-01,
Ashford,2026-03-11T19:00:00Z,7.06,44.11,288.76,ASH-ENV-02,
Ashford,2026-03-11T20:00:00Z,6.81,41.19,227.32,ASH-ENV-03,
Ashford,2026-03-11T21:00:00Z,8.30,40.83,236.24,ASH-ENV-01,
Ashford,2026-03-11T22:00:00Z,6.35,36.93,220.64,ASH-ENV-02,
Ashford,2026-03-11T23:00:00Z,6.13,37.53,267.61,ASH-ENV-03,
Ashford,2026-03-12T00:00:00Z,6.50,35.63,246.59,ASH-ENV-01,
Ashford,2026-03-12T01:00:00Z,5.35,37.17,232.51,ASH-ENV-02,
Ashford,2026-03-12T02:00:00Z,7.05,36.83,225.84,ASH-ENV-03,
Ashford,2026-03-12T03:00:00Z,7.47,39.99,241.25,ASH-ENV-01,
Ashford,2026-03-12T04:00:00Z,6.10,41.66,286.16,ASH-ENV-02,
Ashford,2026-03-12T05:00:00Z,8.53,41.54,269.24,ASH-ENV-03,
Ashford,2026-03-12T06:00:00Z,7.07,42.67,329.30,ASH-ENV-01,
Ashford,2026-03-12T07:00:00Z,8.92,44.82,308.41,ASH-ENV-02,
Ashford,2026-03-12T08:00:00Z,8.77,46.23,360.28,ASH-ENV-03,
Ashford,2026-03-12T09:00:00Z,10.36,47.61,368.72,ASH-ENV-01,
Ashford,2026-03-12T10:00:00Z,11.14,49.79,388.16,ASH-ENV-02,
Ashford,2026-03-12T11:00:00Z,10.52,52.07,403.59,ASH-ENV-03,
Ashford,2026-03-12T12:00:00Z,10.26,51.21,412.05,ASH-ENV-01,
Ashford,2026-03-12T13:00:00Z,8.70,50.79,398.39,ASH-ENV-02,
Ashford,2026-03-12T14:00:00Z,9.78,49.64,391.19,ASH-ENV-03,
Ashford,2026-03-12T15:00:00Z,8.63,49.32,374.60,ASH-ENV-01,
Ashford,2026-03-12T16:00:00Z,8.54,47.23,368.40,ASH-ENV-02,
Ashford,2026-03-12T17:00:00Z,8.39,44.97,318.58,ASH-ENV-03,
Ashford,2026-03-12T18:00:00Z,8.79,44.26,313.84,ASH-ENV-01,
Ashford,2026-03-12T19:00:00Z,7.39,41.12,286.44,ASH-ENV-02,
Ashford,2026-03-12T20:00:00Z,7.08,40.12,264.63,ASH-ENV-03,
Ashford,2026-03-12T21:00:00Z,7.02,40.57,268.83,ASH-ENV-01,
Ashford,2026-03-12T22:00:00Z,5.51,38.19,259.84,ASH-ENV-02,
Ashford,2026-03-12T23:00:00Z,6.10,39.83,221.63,ASH-ENV-03,
Ashford,2026-03-13T00:00:00Z,6.40,38.47,206.79,ASH-ENV-01,
Ashford,2026-03-13T01:00:00Z,5.67,38.50,232.76,ASH-ENV-02,
Ashford,2026-03-13T02:00:00Z,6.20,39.54,221.09,ASH-ENV-03,
Ashford,2026-03-13T03:00:00Z,6.19,42.33,252.46,ASH-ENV-01,
Ashford,2026-03-13T04:00:00Z,6.57,41.33,259.81,ASH-ENV-02,
Ashford,2026-03-13T05:00:00Z,8.39,41.77,288.77,ASH-ENV-03,
Ashford,2026-03-13T06:00:00Z,7.16,42.15,311.12,ASH-ENV-01,
Ashford,2026-03-13T07:00:00Z,8.91,47.00,343.66,ASH-ENV-02,
Ashford,2026-03-13T08:00:00Z,8.29,46.02,360.26,ASH-ENV-03,
Ashford,2026-03-13T09:00:00Z,8.88,47.39,334.41,ASH-ENV-01,
Ashford,2026-03-13T10:00:00Z,9.86,48.02,386.89,ASH-ENV-02,
Ashford,2026-03-13T11:00:00Z,9.74,49.10,371.76,ASH-ENV-03,
Ashford,2026-03-13T12:00:00Z,10.41,50.50,395.05,ASH-ENV-01,
Ashford,2026-03-13T13:00:00Z,9.46,48.48,373.59,ASH-ENV-02,
Ashford,2026-03-13T14:00:00Z,9.30,51.59,362.76,ASH-ENV-03,
Ashford,2026-03-13T15:00:00Z,7.82,49.94,391.16,ASH-ENV-01,
Ashford,2026-03-13T16:00:00Z,9.77,46.92,373.27,ASH-ENV-02,
Ashford,2026-03-13T17:00:00Z,7.87,47.40,330.50,ASH-ENV-03,
Ashford,2026-03-13T18:00:00Z,8.19,43.66,311.15,ASH-ENV-01,
Ashford,2026-03-13T19:00:00Z,6.80,42.70,279.65,ASH-ENV-02,
Ashford,2026-03-13T20:00:00Z,7.82,41.65,251.70,ASH-ENV-03,
Ashford,2026-03-13T21:00:00Z,6.08,39.40,257.18,ASH-ENV-01,
Ashford,2026-03-13T22:00:00Z,5.94,38.31,248.93,ASH-ENV-02,
Ashford,2026-03-13T23:00:00Z,5.62,37.30,209.12,ASH-ENV-03,
Ashford,2026-03-14T00:00:00Z,5.08,37.52,224.09,ASH-ENV-01,
Ashford,2026-03-14T01:00:00Z,5.61,37.88,221.93,ASH-ENV-02,
Ashford,2026-03-14T02:00:00Z,6.46,40.02,241.67,ASH-ENV-03,
Ashford,2026-03-14T03:00:00Z,6.70,39.21,236.46,ASH-ENV-01,
Ashford,2026-03-14T04:00:00Z,6.85,38.14,278.94,ASH-ENV-02,
Ashford,2026-03-14T05:00:00Z,6.71,44.20,300.57,ASH-ENV-03,
Ashford,2026-03-14T06:00:00Z,7.21,47.36,322.47,ASH-ENV-01,
Ashford,2026-03-14T07:00:00Z,9.00,46.47,310.06,ASH-ENV-02,
Ashford,2026-03-14T08:00:00Z,9.13,44.27,375.80,ASH-ENV-03,
Ashford,2026-03-14T09:00:00Z,9.68,47.30,366.38,ASH-ENV-01,
Ashford,2026-03-14T10:00:00Z,10.74,48.19,364.07,ASH-ENV-02,
Ashford,2026-03-14T11:00:00Z,10.54,49.68,412.30,ASH-ENV-03,
Ashford,2026-03-14T12:00:00Z,8.66,48.76,396.16,ASH-ENV-01,
Ashford,2026-03-14T13:00:00Z,11.02,49.12,402.99,ASH-ENV-02,
Ashford,2026-03-14T14:00:00Z,9.32,49.81,425.10,ASH-ENV-03,
Ashford,2026-03-14T15:00:00Z,9.04,50.32,372.66,ASH-ENV-01,
Ashford,2026-03-14T16:00:00Z,9.40,50.33,370.04,ASH-ENV-02,
Ashford,2026-03-14T17:00:00Z,8.74,47.22,324.18,ASH-ENV-03,
Ashford,2026-03-14T18:00:00Z,7.85,44.64,328.97,ASH-ENV-01,
Ashford,2026-03-14T19:00:00Z,8.00,45.13,266.60,ASH-ENV-02,
Ashford,2026-03-14T20:00:00Z,6.28,41.82,287.12,ASH-ENV-03,
Ashford,2026-03-14T21:00:00Z,5.65,36.02,253.09,ASH-ENV-01,
Ashford,2026-03-14T22:00:00Z,6.22,39.57,206.69,ASH-ENV-02,
Ashford,2026-03-14T23:00:00Z,5.99,34.79,220.74,ASH-ENV-03,
Huntington,2026-03-01T00:00:00Z,7.24,41.79,265.36,HUN-ENV-01,
Huntington,2026-03-01T01:00:00Z,7.92,41.84,277.05,HUN-ENV-02,
Huntington,2026-03-01T02:00:00Z,9.75,43.18,273.88,HUN-ENV-03,
Huntington,2026-03-01T03:00:00Z,9.53,41.83,305.14,HUN-ENV-01,
Huntington,2026-03-01T04:00:00Z,9.16,43.41,284.43,HUN-ENV-02,
Huntington,2026-03-01T05:00:00Z,10.46,46.70,307.21,HUN-ENV-03,
Huntington,2026-03-01T06:00:00Z,12.50,49.98,377.87,HUN-ENV-01,
Huntington,2026-03-01T07:00:00Z,12.27,49.63,393.38,HUN-ENV-02,
Huntington,2026-03-01T08:00:00Z,13.77,51.11,386.46,HUN-ENV-03,
Huntington,2026-03-01T09:00:00Z,12.35,53.28,424.65,HUN-ENV-01,
Huntington,2026-03-01T10:00:00Z,13.23,55.92,434.42,HUN-ENV-02,
Huntington,2026-03-01T11:00:00Z,14.10,54.17,455.02,HUN-ENV-03,
Huntington,2026-03-01T12:00:00Z,14.64,54.05,451.52,HUN-ENV-01,
Huntington,2026-03-01T13:00:00Z,13.05,52.51,454.96,HUN-ENV-02,
Huntington,2026-03-01T14:00:00Z,12.37,49.63,457.12,HUN-ENV-03,
Huntington,2026-03-01T15:00:00Z,12.86,54.14,442.57,HUN-ENV-01,
Huntington,2026-03-01T16:00:00Z,11.14,51.98,423.45,HUN-ENV-02,
Huntington,2026-03-01T17:00:00Z,13.12,47.89,370.31,HUN-ENV-03,
Huntington,2026-03-01T18:00:00Z,9.68,46.87,371.51,HUN-ENV-01,
Huntington,2026-03-01T19:00:00Z,9.88,47.13,347.95,HUN-ENV-02,
Huntington,2026-03-01T20:00:00Z,10.21,44.46,307.10,HUN-ENV-03,
Huntington,2026-03-01T21:00:00Z,8.62,43.67,312.78,HUN-ENV-01,
Huntington,2026-03-01T22:00:00Z,8.11,39.58,248.91,HUN-ENV-02,
Huntington,2026-03-01T23:00:00Z,9.03,42.53,321.85,HUN-ENV-03,
Huntington,2026-03-02T00:00:00Z,8.02,40.50,227.31,HUN-ENV-01,
Huntington,2026-03-02T01:00:00Z,7.10,43.00,241.44,HUN-ENV-02,
Huntington,2026-03-02T02:00:00Z,9.53,42.18,252.34,HUN-ENV-03,
Huntington,2026-03-02T03:00:00Z,9.54,42.32,314.25,HUN-ENV-01,
Huntington,2026-03-02T04:00:00Z,9.80,42.60,279.72,HUN-ENV-02,
Huntington,2026-03-02T05:00:00Z,9.89,44.54,306.67,HUN-ENV-03,
Huntington,2026-03-02T06:00:00Z,11.71,48.58,341.75,HUN-ENV-01,
Huntington,2026-03-02T07:00:00Z,13.35,46.17,391.55,HUN-ENV-02,
Huntington,2026-03-02T08:00:00Z,11.49,50.96,421.70,HUN-ENV-03,
Huntington,2026-03-02T09:00:00Z,12.23,51.81,448.10,HUN-ENV-01,
Huntington,2026-03-02T10:00:00Z,13.40,51.91,460.72,HUN-ENV-02,
Huntington,2026-03-02T11:00:00Z,14.33,54.33,457.26,HUN-ENV-03,
Huntington,2026-03-02T12:00:00Z,13.78,53.78,455.07,HUN-ENV-01,
Huntington,2026-03-02T13:00:00Z,12.77,56.95,430.27,HUN-ENV-02,
Huntington,2026-03-02T14:00:00Z,13.35,53.57,466.73,HUN-ENV-03,
Huntington,2026-03-02T15:00:00Z,12.76,52.89,467.22,HUN-ENV-01,
Huntington,2026-03-02T16:00:00Z,12.65,51.21,402.97,HUN-ENV-02,
Huntington,2026-03-02T17:00:00Z,10.88,51.51,367.81,HUN-ENV-03,
Huntington,2026-03-02T18:00:00Z,12.69,48.21,345.90,HUN-ENV-01,
Huntington,2026-03-02T19:00:00Z,9.90,47.60,343.42,HUN-ENV-02,
Huntington,2026-03-02T20:00:00Z,9.49,44.89,276.53,HUN-ENV-03,
Huntington,2026-03-02T21:00:00Z,9.53,41.92,297.50,HUN-ENV-01,
Huntington,2026-03-02T22:00:00Z,8.57,43.01,262.82,HUN-ENV-02,
Huntington,2026-03-02T23:00:00Z,8.76,43.03,243.26,HUN-ENV-03,
Huntington,2026-03-03T00:00:00Z,8.00,44.50,276.33,HUN-ENV-01,
Huntington,2026-03-03T01:00:00Z,9.13,42.47,247.46,HUN-ENV-02,
Huntington,2026-03-03T02:00:00Z,9.15,44.36,264.59,HUN-ENV-03,
Huntington,2026-03-03T03:00:00Z,8.53,44.59,276.09,HUN-ENV-01,
Huntington,2026-03-03T04:00:00Z,9.42,43.13,303.91,HUN-ENV-02,
Huntington,2026-03-03T05:00:00Z,10.37,47.86,314.48,HUN-ENV-03,
Huntington,2026-03-03T06:00:00Z,10.46,47.31,355.82,HUN-ENV-01,
Huntington,2026-03-03T07:00:00Z,11.31,48.53,395.85,HUN-ENV-02,
Huntington,2026-03-03T08:00:00Z,12.62,52.12,404.64,HUN-ENV-03,
Huntington,2026-03-03T09:00:00Z,13.17,50.89,426.75,HUN-ENV-01,
Huntington,2026-03-03T10:00:00Z,13.41,50.42,462.60,HUN-ENV-02,
Huntington,2026-03-03T11:00:00Z,12.84,51.62,445.99,HUN-ENV-03,
Huntington,2026-03-03T12:00:00Z,13.62,56.57,430.30,HUN-ENV-01,
Huntington,2026-03-03T13:00:00Z,11.81,54.49,423.92,HUN-ENV-02,
Huntington,2026-03-03T14:00:00Z,12.82,52.33,446.87,HUN-ENV-03,
Huntington,2026-03-03T15:00:00Z,13.66,51.53,420.33,HUN-ENV-01,
Huntington,2026-03-03T16:00:00Z,11.10,52.35,405.16,HUN-ENV-02,
Huntington,2026-03-03T17:00:00Z,10.96,50.96,371.21,HUN-ENV-03,
Huntington,2026-03-03T18:00:00Z,11.08,48.47,378.05,HUN-ENV-01,
Huntington,2026-03-03T19:00:00Z,11.45,47.05,290.68,HUN-ENV-02,
Huntington,2026-03-03T20:00:00Z,10.97,43.33,296.33,HUN-ENV-03,
Huntington,2026-03-03T21:00:00Z,8.87,41.47,256.56,HUN-ENV-01,
Huntington,2026-03-03T22:00:00Z,7.22,42.24,241.71,HUN-ENV-02,
Huntington,2026-03-03T23:00:00Z,8.29,45.40,238.83,HUN-ENV-03,
Huntington,2026-03-04T00:00:00Z,8.21,41.81,231.24,HUN-ENV-01,
Huntington,2026-03-04T01:00:00Z,6.88,41.83,273.21,HUN-ENV-02,
Huntington,2026-03-04T02:00:00Z,9.51,44.02,266.79,HUN-ENV-03,
Huntington,2026-03-04T03:00:00Z,7.95,44.73,298.07,HUN-ENV-01,
Huntington,2026-03-04T04:00:00Z,10.47,45.95,289.48,HUN-ENV-02,
Huntington,2026-03-04T05:00:00Z,10.67,47.71,297.31,HUN-ENV-03,
Huntington,2026-03-04T06:00:00Z,12.39,48.42,321.31,HUN-ENV-01,
Huntington,2026-03-04T07:00:00Z,11.61,50.07,384.18,HUN-ENV-02,
Huntington,2026-03-04T08:00:00Z,13.45,51.87,421.98,HUN-ENV-03,
Huntington,2026-03-04T09:00:00Z,13.39,51.91,424.06,HUN-ENV-01,
Huntington,2026-03-04T10:00:00Z,13.65,51.90,436.64,HUN-ENV-02,
Huntington,2026-03-04T11:00:00Z,13.04,51.89,493.49,HUN-ENV-03,
Huntington,2026-03-04T12:00:00Z,13.92,52.92,443.47,HUN-ENV-01,
Huntington,2026-03-04T13:00:00Z,13.40,52.45,434.94,HUN-ENV-02,
Huntington,2026-03-04T14:00:00Z,12.82,51.88,440.14,HUN-ENV-03,
Huntington,2026-03-04T15:00:00Z,12.19,52.26,412.04,HUN-ENV-01,
Huntington,2026-03-04T16:00:00Z,11.44,49.73,378.34,HUN-ENV-02,
Huntington,2026-03-04T17:00:00Z,9.68,50.35,381.78,HUN-ENV-03,
Huntington,2026-03-04T18:00:00Z,10.71,46.94,350.51,HUN-ENV-01,
Huntington,2026-03-04T19:00:00Z,8.99,48.08,324.70,HUN-ENV-02,
Huntington,2026-03-04T20:00:00Z,9.65,46.52,302.07,HUN-ENV-03,
Huntington,2026-03-04T21:00:00Z,7.93,42.40,275.25,HUN-ENV-01,
Huntington,2026-03-04T22:00:00Z,8.66,44.25,277.20,HUN-ENV-02,
Huntington,2026-03-04T23:00:00Z,8.27,41.80,227.32,HUN-ENV-03,
Huntington,2026-03-05T00:00:00Z,7.69,41.52,251.03,HUN-ENV-01,
Huntington,2026-03-05T01:00:00Z,9.00,39.87,294.34,HUN-ENV-02,
Huntington,2026-03-05T02:00:00Z,8.28,45.70,261.48,HUN-ENV-03,
Huntington,2026-03-05T03:00:00Z,8.77,44.46,268.16,HUN-ENV-01,
Huntington,2026-03-05T04:00:00Z,10.88,45.07,303.64,HUN-ENV-02,
Huntington,2026-03-05T05:00:00Z,10.18,46.49,297.27,HUN-ENV-03,
Huntington,2026-03-05T06:00:00Z,9.51,47.38,355.47,HUN-ENV-01,
Huntington,2026-03-05T07:00:00Z,11.75,49.50,379.92,HUN-ENV-02,
Huntington,2026-03-05T08:00:00Z,11.83,50.21,397.25,HUN-ENV-03,
Huntington,2026-03-05T09:00:00Z,12.63,53.49,404.47,HUN-ENV-01,
Huntington,2026-03-05T10:00:00Z,13.69,52.18,474.96,HUN-ENV-02,
Huntington,2026-03-05T11:00:00Z,14.83,52.82,469.36,HUN-ENV-03,
Huntington,2026-03-05T12:00:00Z,14.06,53.88,449.61,HUN-ENV-01,
Huntington,2026-03-05T13:00:00Z,12.13,54.45,474.86,HUN-ENV-02,
Huntington,2026-03-05T14:00:00Z,13.61,56.19,453.55,HUN-ENV-03,
Huntington,2026-03-05T15:00:00Z,12.83,52.12,430.11,HUN-ENV-01,
Huntington,2026-03-05T16:00:00Z,10.62,50.32,404.38,HUN-ENV-02,
Huntington,2026-03-05T17:00:00Z,11.77,49.60,366.84,HUN-ENV-03,
Huntington,2026-03-05T18:00:00Z,11.03,47.84,369.86,HUN-ENV-01,
Huntington,2026-03-05T19:00:00Z,9.33,46.03,286.27,HUN-ENV-02,
Huntington,2026-03-05T20:00:00Z,8.76,45.64,312.99,HUN-ENV-03,
Huntington,2026-03-05T21:00:00Z,9.96,43.85,305.11,HUN-ENV-01,
Huntington,2026-03-05T22:00:00Z,8.81,41.32,256.61,HUN-ENV-02,
Huntington,2026-03-05T23:00:00Z,8.73,41.60,248.98,HUN-ENV-03,
Huntington,2026-03-06T00:00:00Z,8.72,41.97,265.38,HUN-ENV-01,
Huntington,2026-03-06T01:00:00Z,8.32,40.04,258.09,HUN-ENV-02,
Huntington,2026-03-06T02:00:00Z,8.46,42.21,268.66,HUN-ENV-03,
Huntington,2026-03-06T03:00:00Z,9.87,41.80,295.04,HUN-ENV-01,
Huntington,2026-03-06T04:00:00Z,9.87,40.98,319.68,HUN-ENV-02,
Huntington,2026-03-06T05:00:00Z,8.37,45.73,319.46,HUN-ENV-03,
Huntington,2026-03-06T06:00:00Z,10.15,45.02,392.26,HUN-ENV-01,
Huntington,2026-03-06T07:00:00Z,11.90,49.04,354.47,HUN-ENV-02,
Huntington,2026-03-06T08:00:00Z,12.34,52.27,402.13,HUN-ENV-03,
Huntington,2026-03-06T09:00:00Z,13.71,51.98,426.43,HUN-ENV-01,
Huntington,2026-03-06T10:00:00Z,14.54,51.17,492.12,HUN-ENV-02,
Huntington,2026-03-06T11:00:00Z,12.45,55.22,437.89,HUN-ENV-03,
Huntington,2026-03-06T12:00:00Z,13.50,53.77,474.08,HUN-ENV-01,
Huntington,2026-03-06T13:00:00Z,13.24,53.74,483.87,HUN-ENV-02,
Huntington,2026-03-06T14:00:00Z,12.62,55.39,478.30,HUN-ENV-03,
Huntington,2026-03-06T15:00:00Z,12.12,54.91,390.05,HUN-ENV-01,
Huntington,2026-03-06T16:00:00Z,12.21,52.35,440.48,HUN-ENV-02,
Huntington,2026-03-06T17:00:00Z,11.31,50.27,413.62,HUN-ENV-03,
Huntington,2026-03-06T18:00:00Z,9.93,50.57,372.65,HUN-ENV-01,
Huntington,2026-03-06T19:00:00Z,9.41,47.48,337.86,HUN-ENV-02,
Huntington,2026-03-06T20:00:00Z,8.76,43.83,313.48,HUN-ENV-03,
Huntington,2026-03-06T21:00:00Z,9.31,41.02,261.84,HUN-ENV-01,
Huntington,2026-03-06T22:00:00Z,7.44,40.87,240.47,HUN-ENV-02,
Huntington,2026-03-06T23:00:00Z,9.08,39.30,224.99,HUN-ENV-03,
Huntington,2026-03-07T00:00:00Z,7.76,41.51,235.45,HUN-ENV-01,
Huntington,2026-03-07T01:00:00Z,8.11,41.02,250.50,HUN-ENV-02,
Huntington,2026-03-07T02:00:00Z,9.52,43.19,245.55,HUN-ENV-03,
Huntington,2026-03-07T03:00:00Z,8.39,42.62,279.44,HUN-ENV-01,
Huntington,2026-03-07T04:00:00Z,9.38,44.63,306.08,HUN-ENV-02,
Huntington,2026-03-07T05:00:00Z,9.76,44.52,337.23,HUN-ENV-03,
Huntington,2026-03-07T06:00:00Z,11.75,48.47,372.82,HUN-ENV-01,
Huntington,2026-03-07T07:00:00Z,10.78,48.07,415.54,HUN-ENV-02,
Huntington,2026-03-07T08:00:00Z,13.08,51.15,415.48,HUN-ENV-03,
Huntington,2026-03-07T09:00:00Z,11.20,52.70,471.51,HUN-ENV-01,
Huntington,2026-03-07T10:00:00Z,13.98,52.22,431.14,HUN-ENV-02,
Huntington,2026-03-07T11:00:00Z,15.27,53.81,427.40,HUN-ENV-03,
Huntington,2026-03-07T12:00:00Z,14.28,53.66,460.57,HUN-ENV-01,
Huntington,2026-03-07T13:00:00Z,14.79,52.88,475.50,HUN-ENV-02,
Huntington,2026-03-07T14:00:00Z,12.23,53.63,458.77,HUN-ENV-03,
Huntington,2026-03-07T15:00:00Z,10.92,50.84,427.18,HUN-ENV-01,
Huntington,2026-03-07T16:00:00Z,12.83,50.29,357.98,HUN-ENV-02,
Huntington,2026-03-07T17:00:00Z,11.88,46.32,385.54,HUN-ENV-03,
Huntington,2026-03-07T18:00:00Z,11.36,48.22,346.17,HUN-ENV-01,
Huntington,2026-03-07T19:00:00Z,10.60,47.07,359.86,HUN-ENV-02,
Huntington,2026-03-07T20:00:00Z,9.84,43.99,308.76,HUN-ENV-03,
Huntington,2026-03-07T21:00:00Z,8.70,44.79,293.43,HUN-ENV-01,
Huntington,2026-03-07T22:00:00Z,8.80,40.64,308.28,HUN-ENV-02,
Huntington,2026-03-07T23:00:00Z,8.32,40.14,244.57,HUN-ENV-03,
Huntington,2026-03-08T00:00:00Z,8.92,40.49,269.41,HUN-ENV-01,
Huntington,2026-03-08T01:00:00Z,8.33,43.60,269.46,HUN-ENV-02,
Huntington,2026-03-08T02:00:00Z,8.75,43.30,277.90,HUN-ENV-03,
Huntington,2026-03-08T03:00:00Z,6.69,43.03,250.02,HUN-ENV-01,
Huntington,2026-03-08T04:00:00Z,8.06,45.39,326.17,HUN-ENV-02,
Huntington,2026-03-08T05:00:00Z,11.40,48.35,324.93,HUN-ENV-03,
Huntington,2026-03-08T06:00:00Z,10.65,48.42,320.15,HUN-ENV-01,
Huntington,2026-03-08T07:00:00Z,11.71,49.31,409.74,HUN-ENV-02,
Huntington,2026-03-08T08:00:00Z,12.29,51.10,387.32,HUN-ENV-03,
Huntington,2026-03-08T09:00:00Z,12.69,54.36,455.36,HUN-ENV-01,
Huntington,2026-03-08T10:00:00Z,12.45,49.83,457.26,HUN-ENV-02,
Huntington,2026-03-08T11:00:00Z,13.09,53.05,496.62,HUN-ENV-03,
Huntington,2026-03-08T12:00:00Z,12.81,53.84,484.10,HUN-ENV-01,
Huntington,2026-03-08T13:00:00Z,12.89,53.02,493.90,HUN-ENV-02,
Huntington,2026-03-08T14:00:00Z,13.85,52.96,458.07,HUN-ENV-03,
Huntington,2026-03-08T15:00:00Z,12.11,50.86,451.86,HUN-ENV-01,
Huntington,2026-03-08T16:00:00Z,12.91,53.11,420.95,HUN-ENV-02,
Huntington,2026-03-08T17:00:00Z,11.83,49.00,380.07,HUN-ENV-03,
Huntington,2026-03-08T18:00:00Z,10.54,49.70,346.25,HUN-ENV-01,
Huntington,2026-03-08T19:00:00Z,10.07,46.79,332.10,HUN-ENV-02,
Huntington,2026-03-08T20:00:00Z,9.72,47.07,308.13,HUN-ENV-03,
Huntington,2026-03-08T21:00:00Z,9.65,43.17,294.92,HUN-ENV-01,
Huntington,2026-03-08T22:00:00Z,8.77,42.55,284.41,HUN-ENV-02,
Huntington,2026-03-08T23:00:00Z,8.94,40.98,248.47,HUN-ENV-03,
Huntington,2026-03-09T00:00:00Z,9.14,39.84,253.20,HUN-ENV-01,
Huntington,2026-03-09T01:00:00Z,9.75,40.69,219.19,HUN-ENV-02,
Huntington,2026-03-09T02:00:00Z,8.58,42.66,228.77,HUN-ENV-03,
Huntington,2026-03-09T03:00:00Z,8.64,42.83,307.47,HUN-ENV-01,
Huntington,2026-03-09T04:00:00Z,8.42,43.78,262.27,HUN-ENV-02,
Huntington,2026-03-09T05:00:00Z,9.58,45.45,348.09,HUN-ENV-03,
Huntington,2026-03-09T06:00:00Z,10.64,46.74,353.02,HUN-ENV-01,
Huntington,2026-03-09T07:00:00Z,11.13,49.27,401.72,HUN-ENV-02,
Huntington,2026-03-09T08:00:00Z,11.83,53.16,430.25,HUN-ENV-03,
Huntington,2026-03-09T09:00:00Z,13.14,52.13,400.61,HUN-ENV-01,
Huntington,2026-03-09T10:00:00Z,13.35,53.54,427.66,HUN-ENV-02,
Huntington,2026-03-09T11:00:00Z,13.08,52.60,458.38,HUN-ENV-03,
Huntington,2026-03-09T12:00:00Z,14.69,52.64,454.22,HUN-ENV-01,
Huntington,2026-03-09T13:00:00Z,15.43,54.23,481.91,HUN-ENV-02,
Huntington,2026-03-09T14:00:00Z,12.76,52.06,423.78,HUN-ENV-03,
Huntington,2026-03-09T15:00:00Z,12.48,54.03,429.21,HUN-ENV-01,
Huntington,2026-03-09T16:00:00Z,11.41,50.13,381.66,HUN-ENV-02,
Huntington,2026-03-09T17:00:00Z,10.57,51.34,358.55,HUN-ENV-03,
Huntington,2026-03-09T18:00:00Z,10.02,47.21,344.75,HUN-ENV-01,
Huntington,2026-03-09T19:00:00Z,8.15,46.54,354.60,HUN-ENV-02,
Huntington,2026-03-09T20:00:00Z,9.24,46.26,296.90,HUN-ENV-03,
Huntington,2026-03-09T21:00:00Z,8.11,44.29,281.02,HUN-ENV-01,
Huntington,2026-03-09T22:00:00Z,10.09,40.24,241.65,HUN-ENV-02,
Huntington,2026-03-09T23:00:00Z,9.16,37.60,265.30,HUN-ENV-03,
Huntington,2026-03-10T00:00:00Z,8.67,39.70,244.18,HUN-ENV-01,
Huntington,2026-03-10T01:00:00Z,8.57,41.96,300.40,HUN-ENV-02,
Huntington,2026-03-10T02:00:00Z,10.06,43.67,255.73,HUN-ENV-03,
Huntington,2026-03-10T03:00:00Z,9.28,42.98,273.73,HUN-ENV-01,
Huntington,2026-03-10T04:00:00Z,9.40,40.71,335.73,HUN-ENV-02,
Huntington,2026-03-10T05:00:00Z,11.28,43.99,319.08,HUN-ENV-03,
Huntington,2026-03-10T06:00:00Z,10.02,49.08,378.37,HUN-ENV-01,
Huntington,2026-03-10T07:00:00Z,9.18,50.29,386.39,HUN-ENV-02,
Huntington,2026-03-10T08:00:00Z,13.16,49.11,432.03,HUN-ENV-03,
Huntington,2026-03-10T09:00:00Z,14.75,50.03,388.79,HUN-ENV-01,
Huntington,2026-03-10T10:00:00Z,13.84,53.79,432.07,HUN-ENV-02,
Huntington,2026-03-10T11:00:00Z,15.07,57.46,467.15,HUN-ENV-03,
Huntington,2026-03-10T12:00:00Z,14.21,54.60,447.82,HUN-ENV-01,
Huntington,2026-03-10T13:00:00Z,13.77,52.57,454.37,HUN-ENV-02,
Huntington,2026-03-10T14:00:00Z,12.64,52.31,462.14,HUN-ENV-03,
Huntington,2026-03-10T15:00:00Z,12.05,51.03,479.49,HUN-ENV-01,
Huntington,2026-03-10T16:00:00Z,10.34,51.63,417.99,HUN-ENV-02,
Huntington,2026-03-10T17:00:00Z,10.96,47.86,421.85,HUN-ENV-03,
Huntington,2026-03-10T18:00:00Z,8.46,47.61,356.71,HUN-ENV-01,
Huntington,2026-03-10T19:00:00Z,8.31,46.84,291.19,HUN-ENV-02,
Huntington,2026-03-10T20:00:00Z,8.90,44.77,336.44,HUN-ENV-03,
Huntington,2026-03-10T21:00:00Z,8.99,44.05,277.94,HUN-ENV-01,
Huntington,2026-03-10T22:00:00Z,8.19,42.71,254.12,HUN-ENV-02,
Huntington,2026-03-10T23:00:00Z,6.97,42.04,274.26,HUN-ENV-03,
Huntington,2026-03-11T00:00:00Z,8.24,41.65,217.56,HUN-ENV-01,
Huntington,2026-03-11T01:00:00Z,7.62,43.64,238.71,HUN-ENV-02,
Huntington,2026-03-11T02:00:00Z,8.62,43.01,247.88,HUN-ENV-03,
Huntington,2026-03-11T03:00:00Z,8.93,42.75,269.88,HUN-ENV-01,
Huntington,2026-03-11T04:00:00Z,10.16,44.26,341.93,HUN-ENV-02,
Huntington,2026-03-11T05:00:00Z,10.17,50.13,320.50,HUN-ENV-03,
Huntington,2026-03-11T06:00:00Z,11.95,46.92,355.47,HUN-ENV-01,
Huntington,2026-03-11T07:00:00Z,11.46,49.92,396.16,HUN-ENV-02,
Huntington,2026-03-11T08:00:00Z,11.93,51.47,403.62,HUN-ENV-03,
Huntington,2026-03-11T09:00:00Z,12.29,50.01,441.20,HUN-ENV-01,
Huntington,2026-03-11T10:00:00Z,11.94,50.16,451.40,HUN-ENV-02,
Huntington,2026-03-11T11:00:00Z,12.71,52.65,431.97,HUN-ENV-03,
Huntington,2026-03-11T12:00:00Z,13.66,52.75,418.27,HUN-ENV-01,
Huntington,2026-03-11T13:00:00Z,12.78,54.33,439.36,HUN-ENV-02,
Huntington,2026-03-11T14:00:00Z,13.10,55.03,442.60,HUN-ENV-03,
Huntington,2026-03-11T15:00:00Z,12.72,53.52,357.41,HUN-ENV-01,
Huntington,2026-03-11T16:00:00Z,11.34,51.08,385.22,HUN-ENV-02,
Huntington,2026-03-11T17:00:00Z,11.99,48.15,352.51,HUN-ENV-03,
Huntington,2026-03-11T18:00:00Z,11.03,45.82,350.77,HUN-ENV-01,
Huntington,2026-03-11T19:00:00Z,11.34,47.09,301.47,HUN-ENV-02,
Huntington,2026-03-11T20:00:00Z,9.51,44.32,322.63,HUN-ENV-03,
Huntington,2026-03-11T21:00:00Z,9.13,45.58,257.18,HUN-ENV-01,
Huntington,2026-03-11T22:00:00Z,9.53,40.55,263.35,HUN-ENV-02,
Huntington,2026-03-11T23:00:00Z,7.34,40.99,249.83,HUN-ENV-03,
Huntington,2026-03-12T00:00:00Z,9.03,44.00,213.91,HUN-ENV-01,
Huntington,2026-03-12T01:00:00Z,9.62,43.68,242.10,HUN-ENV-02,
Huntington,2026-03-12T02:00:00Z,8.26,42.73,278.94,HUN-ENV-03,
Huntington,2026-03-12T03:00:00Z,8.97,40.50,261.83,HUN-ENV-01,
Huntington,2026-03-12T04:00:00Z,9.92,44.49,282.38,HUN-ENV-02,
Huntington,2026-03-12T05:00:00Z,9.01,46.24,322.53,HUN-ENV-03,
Huntington,2026-03-12T06:00:00Z,10.15,50.19,346.60,HUN-ENV-01,
Huntington,2026-03-12T07:00:00Z,11.34,50.58,373.32,HUN-ENV-02,
Huntington,2026-03-12T08:00:00Z,9.48,51.96,418.72,HUN-ENV-03,
Huntington,2026-03-12T09:00:00Z,13.04,54.03,425.29,HUN-ENV-01,
Huntington,2026-03-12T10:00:00Z,14.06,54.33,462.74,HUN-ENV-02,
Huntington,2026-03-12T11:00:00Z,14.35,52.59,473.63,HUN-ENV-03,
Huntington,2026-03-12T12:00:00Z,14.10,55.32,488.65,HUN-ENV-01,
Huntington,2026-03-12T13:00:00Z,12.83,53.28,487.16,HUN-ENV-02,
Huntington,2026-03-12T14:00:00Z,14.54,52.35,458.32,HUN-ENV-03,
Huntington,2026-03-12T15:00:00Z,13.30,52.35,373.43,HUN-ENV-01,
Huntington,2026-03-12T16:00:00Z,11.44,49.76,440.03,HUN-ENV-02,
Huntington,2026-03-12T17:00:00Z,11.88,47.32,394.77,HUN-ENV-03,
Huntington,2026-03-12T18:00:00Z,10.76,48.37,337.50,HUN-ENV-01,
Huntington,2026-03-12T19:00:00Z,11.86,47.03,338.75,HUN-ENV-02,
Huntington,2026-03-12T20:00:00Z,9.53,40.29,314.85,HUN-ENV-03,
Huntington,2026-03-12T21:00:00Z,9.65,44.86,328.83,HUN-ENV-01,
Huntington,2026-03-12T22:00:00Z,7.32,43.71,256.36,HUN-ENV-02,
Huntington,2026-03-12T23:00:00Z,9.42,44.21,216.77,HUN-ENV-03,
Huntington,2026-03-13T00:00:00Z,9.07,41.66,213.85,HUN-ENV-01,
Huntington,2026-03-13T01:00:00Z,7.01,41.54,248.85,HUN-ENV-02,
Huntington,2026-03-13T02:00:00Z,8.52,42.59,246.37,HUN-ENV-03,
Huntington,2026-03-13T03:00:00Z,9.65,44.49,275.44,HUN-ENV-01,
Huntington,2026-03-13T04:00:00Z,8.81,46.42,274.10,HUN-ENV-02,
Huntington,2026-03-13T05:00:00Z,8.93,46.89,325.70,HUN-ENV-03,
Huntington,2026-03-13T06:00:00Z,10.37,48.20,345.63,HUN-ENV-01,
Huntington,2026-03-13T07:00:00Z,12.90,51.46,355.09,HUN-ENV-02,
Huntington,2026-03-13T08:00:00Z,12.58,51.87,388.44,HUN-ENV-03,
Huntington,2026-03-13T09:00:00Z,12.42,53.10,415.32,HUN-ENV-01,
Huntington,2026-03-13T10:00:00Z,12.82,52.48,434.00,HUN-ENV-02,
Huntington,2026-03-13T11:00:00Z,14.04,53.84,469.62,HUN-ENV-03,
Huntington,2026-03-13T12:00:00Z,14.87,55.42,438.24,HUN-ENV-01,
Huntington,2026-03-13T13:00:00Z,14.74,52.09,515.59,HUN-ENV-02,
Huntington,2026-03-13T14:00:00Z,14.02,54.29,482.40,HUN-ENV-03,
Huntington,2026-03-13T15:00:00Z,12.35,53.27,397.60,HUN-ENV-01,
Huntington,2026-03-13T16:00:00Z,13.66,52.44,393.71,HUN-ENV-02,
Huntington,2026-03-13T17:00:00Z,11.24,52.73,358.41,HUN-ENV-03,
Huntington,2026-03-13T18:00:00Z,11.14,47.20,368.51,HUN-ENV-01,
Huntington,2026-03-13T19:00:00Z,10.57,47.23,318.95,HUN-ENV-02,
Huntington,2026-03-13T20:00:00Z,9.40,43.17,272.00,HUN-ENV-03,
Huntington,2026-03-13T21:00:00Z,7.62,43.99,255.13,HUN-ENV-01,
Huntington,2026-03-13T22:00:00Z,10.08,42.89,268.62,HUN-ENV-02,
Huntington,2026-03-13T23:00:00Z,8.36,39.56,267.73,HUN-ENV-03,
Huntington,2026-03-14T00:00:00Z,7.59,42.42,257.91,HUN-ENV-01,
Huntington,2026-03-14T01:00:00Z,8.07,41.66,223.86,HUN-ENV-02,
Huntington,2026-03-14T02:00:00Z,7.14,42.22,255.49,HUN-ENV-03,
Huntington,2026-03-14T03:00:00Z,9.73,42.39,251.21,HUN-ENV-01,
Huntington,2026-03-14T04:00:00Z,10.41,45.01,253.97,HUN-ENV-02,
Huntington,2026-03-14T05:00:00Z,10.43,48.07,327.52,HUN-ENV-03,
Huntington,2026-03-14T06:00:00Z,11.17,48.94,380.76,HUN-ENV-01,
Huntington,2026-03-14T07:00:00Z,13.04,51.06,344.46,HUN-ENV-02,
Huntington,2026-03-14T08:00:00Z,12.51,51.09,377.01,HUN-ENV-03,
Huntington,2026-03-14T09:00:00Z,12.65,51.95,428.77,HUN-ENV-01,
Huntington,2026-03-14T10:00:00Z,13.18,54.78,437.52,HUN-ENV-02,
Huntington,2026-03-14T11:00:00Z,14.44,55.47,470.12,HUN-ENV-03,
Huntington,2026-03-14T12:00:00Z,14.06,53.84,462.11,HUN-ENV-01,
Huntington,2026-03-14T13:00:00Z,12.68,53.65,428.83,HUN-ENV-02,
Huntington,2026-03-14T14:00:00Z,12.05,53.43,442.98,HUN-ENV-03,
Huntington,2026-03-14T15:00:00Z,11.23,52.01,442.78,HUN-ENV-01,
Huntington,2026-03-14T16:00:00Z,10.95,49.05,456.01,HUN-ENV-02,
Huntington,2026-03-14T17:00:00Z,10.60,48.74,348.62,HUN-ENV-03,
Huntington,2026-03-14T18:00:00Z,12.16,47.92,371.61,HUN-ENV-01,
Huntington,2026-03-14T19:00:00Z,12.14,45.09,310.51,HUN-ENV-02,
Huntington,2026-03-14T20:00:00Z,10.22,43.96,304.89,HUN-ENV-03,
Huntington,2026-03-14T21:00:00Z,9.55,43.33,283.91,HUN-ENV-01,
Huntington,2026-03-14T22:00:00Z,8.90,43.38,210.78,HUN-ENV-02,
Huntington,2026-03-14T23:00:00Z,7.05,42.33,247.35,HUN-ENV-03,
Kingsley,2026-03-01T00:00:00Z,7.24,39.09,217.91,KIN-ENV-01,
Kingsley,2026-03-01T01:00:00Z,6.70,39.52,231.80,KIN-ENV-02,
Kingsley,2026-03-01T02:00:00Z,6.90,42.06,267.67,KIN-ENV-03,
Kingsley,2026-03-01T03:00:00Z,6.72,42.45,242.67,KIN-ENV-01,
Kingsley,2026-03-01T04:00:00Z,8.58,42.30,290.60,KIN-ENV-02,
Kingsley,2026-03-01T05:00:00Z,8.87,45.01,325.15,KIN-ENV-03,
Kingsley,2026-03-01T06:00:00Z,9.65,46.87,329.64,KIN-ENV-01,
Kingsley,2026-03-01T07:00:00Z,10.04,48.17,356.54,KIN-ENV-02,
Kingsley,2026-03-01T08:00:00Z,11.28,50.76,378.75,KIN-ENV-03,
Kingsley,2026-03-01T09:00:00Z,11.25,49.14,416.97,KIN-ENV-01,
Kingsley,2026-03-01T10:00:00Z,12.13,52.58,438.71,KIN-ENV-02,
Kingsley,2026-03-01T11:00:00Z,12.34,52.36,419.91,KIN-ENV-03,
Kingsley,2026-03-01T12:00:00Z,13.34,53.33,433.20,KIN-ENV-01,
Kingsley,2026-03-01T13:00:00Z,11.99,52.51,413.84,KIN-ENV-02,
Kingsley,2026-03-01T14:00:00Z,10.93,53.40,432.44,KIN-ENV-03,
Kingsley,2026-03-01T15:00:00Z,11.49,47.75,421.57,KIN-ENV-01,
Kingsley,2026-03-01T16:00:00Z,10.14,48.65,359.77,KIN-ENV-02,
Kingsley,2026-03-01T17:00:00Z,9.77,48.01,363.80,KIN-ENV-03,
Kingsley,2026-03-01T18:00:00Z,8.45,46.78,348.93,KIN-ENV-01,
Kingsley,2026-03-01T19:00:00Z,9.05,44.16,313.41,KIN-ENV-02,
Kingsley,2026-03-01T20:00:00Z,8.61,42.17,296.24,KIN-ENV-03,
Kingsley,2026-03-01T21:00:00Z,8.73,42.42,288.26,KIN-ENV-01,
Kingsley,2026-03-01T22:00:00Z,7.54,40.04,272.43,KIN-ENV-02,
Kingsley,2026-03-01T23:00:00Z,8.43,41.78,263.72,KIN-ENV-03,
Kingsley,2026-03-02T00:00:00Z,6.61,40.52,214.82,KIN-ENV-01,
Kingsley,2026-03-02T01:00:00Z,6.95,39.22,240.38,KIN-ENV-02,
Kingsley,2026-03-02T02:00:00Z,8.36,42.74,247.55,KIN-ENV-03,
Kingsley,2026-03-02T03:00:00Z,6.92,42.60,269.22,KIN-ENV-01,
Kingsley,2026-03-02T04:00:00Z,7.01,41.62,298.13,KIN-ENV-02,
Kingsley,2026-03-02T05:00:00Z,9.76,45.13,275.74,KIN-ENV-03,
Kingsley,2026-03-02T06:00:00Z,9.44,47.39,323.07,KIN-ENV-01,
Kingsley,2026-03-02T07:00:00Z,10.99,48.54,369.80,KIN-ENV-02,
Kingsley,2026-03-02T08:00:00Z,10.49,49.63,361.07,KIN-ENV-03,
Kingsley,2026-03-02T09:00:00Z,9.43,50.62,394.73,KIN-ENV-01,
Kingsley,2026-03-02T10:00:00Z,11.80,50.19,418.10,KIN-ENV-02,
Kingsley,2026-03-02T11:00:00Z,13.35,52.45,431.03,KIN-ENV-03,
Kingsley,2026-03-02T12:00:00Z,11.29,49.22,427.62,KIN-ENV-01,
Kingsley,2026-03-02T13:00:00Z,11.35,52.68,432.22,KIN-ENV-02,
Kingsley,2026-03-02T14:00:00Z,11.57,47.63,456.73,KIN-ENV-03,
Kingsley,2026-03-02T15:00:00Z,10.18,51.94,387.35,KIN-ENV-01,
Kingsley,2026-03-02T16:00:00Z,11.80,49.83,386.56,KIN-ENV-02,
Kingsley,2026-03-02T17:00:00Z,11.07,47.24,351.12,KIN-ENV-03,
Kingsley,2026-03-02T18:00:00Z,8.49,44.75,346.53,KIN-ENV-01,
Kingsley,2026-03-02T19:00:00Z,9.39,45.41,307.46,KIN-ENV-02,
Kingsley,2026-03-02T20:00:00Z,8.77,43.91,281.78,KIN-ENV-03,
Kingsley,2026-03-02T21:00:00Z,7.77,40.53,279.15,KIN-ENV-01,
Kingsley,2026-03-02T22:00:00Z,9.69,40.49,250.09,KIN-ENV-02,
Kingsley,2026-03-02T23:00:00Z,6.38,42.40,227.35,KIN-ENV-03,
Kingsley,2026-03-03T00:00:00Z,7.55,40.70,227.36,KIN-ENV-01,
Kingsley,2026-03-03T01:00:00Z,7.35,41.32,200.01,KIN-ENV-02,
Kingsley,2026-03-03T02:00:00Z,8.88,41.10,223.13,KIN-ENV-03,
Kingsley,2026-03-03T03:00:00Z,7.53,41.20,225.14,KIN-ENV-01,
Kingsley,2026-03-03T04:00:00Z,9.08,41.27,266.58,KIN-ENV-02,
Kingsley,2026-03-03T05:00:00Z,9.99,41.25,294.82,KIN-ENV-03,
Kingsley,2026-03-03T06:00:00Z,8.94,48.67,300.70,KIN-ENV-01,
Kingsley,2026-03-03T07:00:00Z,9.92,46.95,384.85,KIN-ENV-02,
Kingsley,2026-03-03T08:00:00Z,10.50,47.55,358.36,KIN-ENV-03,
Kingsley,2026-03-03T09:00:00Z,11.53,50.96,362.77,KIN-ENV-01,
Kingsley,2026-03-03T10:00:00Z,11.58,50.50,422.49,KIN-ENV-02,
Kingsley,2026-03-03T11:00:00Z,12.00,50.64,411.74,KIN-ENV-03,
Kingsley,2026-03-03T12:00:00Z,11.12,51.88,405.62,KIN-ENV-01,
Kingsley,2026-03-03T13:00:00Z,10.90,51.75,419.13,KIN-ENV-02,
Kingsley,2026-03-03T14:00:00Z,10.95,53.34,432.07,KIN-ENV-03,
Kingsley,2026-03-03T15:00:00Z,11.54,51.56,376.05,KIN-ENV-01,
Kingsley,2026-03-03T16:00:00Z,10.17,48.53,391.39,KIN-ENV-02,
Kingsley,2026-03-03T17:00:00Z,10.22,44.45,352.12,KIN-ENV-03,
Kingsley,2026-03-03T18:00:00Z,8.08,45.28,327.81,KIN-ENV-01,
Kingsley,2026-03-03T19:00:00Z,9.82,44.63,322.22,KIN-ENV-02,
Kingsley,2026-03-03T20:00:00Z,7.99,43.16,271.31,KIN-ENV-03,
Kingsley,2026-03-03T21:00:00Z,7.98,39.95,265.22,KIN-ENV-01,
Kingsley,2026-03-03T22:00:00Z,8.03,42.55,273.34,KIN-ENV-02,
Kingsley,2026-03-03T23:00:00Z,7.53,40.67,215.24,KIN-ENV-03,
Kingsley,2026-03-04T00:00:00Z,7.92,41.39,245.83,KIN-ENV-01,
Kingsley,2026-03-04T01:00:00Z,8.46,40.96,275.45,KIN-ENV-02,
Kingsley,2026-03-04T02:00:00Z,6.60,40.82,179.91,KIN-ENV-03,
Kingsley,2026-03-04T03:00:00Z,9.31,40.31,289.19,KIN-ENV-01,
Kingsley,2026-03-04T04:00:00Z,8.50,43.31,293.44,KIN-ENV-02,
Kingsley,2026-03-04T05:00:00Z,9.90,44.09,300.65,KIN-ENV-03,
Kingsley,2026-03-04T06:00:00Z,11.35,48.95,343.24,KIN-ENV-01,
Kingsley,2026-03-04T07:00:00Z,10.34,47.16,369.03,KIN-ENV-02,
Kingsley,2026-03-04T08:00:00Z,11.12,49.87,405.39,KIN-ENV-03,
Kingsley,2026-03-04T09:00:00Z,11.10,49.98,407.30,KIN-ENV-01,
Kingsley,2026-03-04T10:00:00Z,12.81,53.68,408.73,KIN-ENV-02,
Kingsley,2026-03-04T11:00:00Z,11.57,50.51,402.90,KIN-ENV-03,
Kingsley,2026-03-04T12:00:00Z,11.11,50.83,409.32,KIN-ENV-01,
Kingsley,2026-03-04T13:00:00Z,11.55,50.43,439.35,KIN-ENV-02,
Kingsley,2026-03-04T14:00:00Z,12.36,52.43,440.83,KIN-ENV-03,
Kingsley,2026-03-04T15:00:00Z,11.25,50.14,383.08,KIN-ENV-01,
Kingsley,2026-03-04T16:00:00Z,10.67,50.48,399.32,KIN-ENV-02,
Kingsley,2026-03-04T17:00:00Z,9.61,46.59,321.59,KIN-ENV-03,
Kingsley,2026-03-04T18:00:00Z,9.98,40.90,340.12,KIN-ENV-01,
Kingsley,2026-03-04T19:00:00Z,8.78,43.52,296.12,KIN-ENV-02,
Kingsley,2026-03-04T20:00:00Z,8.03,42.66,286.77,KIN-ENV-03,
Kingsley,2026-03-04T21:00:00Z,6.19,41.19,255.57,KIN-ENV-01,
Kingsley,2026-03-04T22:00:00Z,8.86,40.06,244.85,KIN-ENV-02,
Kingsley,2026-03-04T23:00:00Z,6.50,41.63,227.59,KIN-ENV-03,
Kingsley,2026-03-05T00:00:00Z,7.90,40.59,251.45,KIN-ENV-01,
Kingsley,2026-03-05T01:00:00Z,7.17,40.04,226.93,KIN-ENV-02,
Kingsley,2026-03-05T02:00:00Z,6.91,41.64,258.04,KIN-ENV-03,
Kingsley,2026-03-05T03:00:00Z,6.28,42.83,247.27,KIN-ENV-01,
Kingsley,2026-03-05T04:00:00Z,9.15,44.08,292.01,KIN-ENV-02,
Kingsley,2026-03-05T05:00:00Z,10.02,45.62,316.16,KIN-ENV-03,
Kingsley,2026-03-05T06:00:00Z,10.38,48.22,302.11,KIN-ENV-01,
Kingsley,2026-03-05T07:00:00Z,10.24,45.31,366.50,KIN-ENV-02,
Kingsley,2026-03-05T08:00:00Z,10.92,45.94,363.25,KIN-ENV-03,
Kingsley,2026-03-05T09:00:00Z,11.15,50.45,410.96,KIN-ENV-01,
Kingsley,2026-03-05T10:00:00Z,11.93,51.29,426.42,KIN-ENV-02,
Kingsley,2026-03-05T11:00:00Z,12.72,50.92,426.47,KIN-ENV-03,
Kingsley,2026-03-05T12:00:00Z,12.13,51.58,436.98,KIN-ENV-01,
Kingsley,2026-03-05T13:00:00Z,11.48,51.21,429.71,KIN-ENV-02,
Kingsley,2026-03-05T14:00:00Z,12.28,49.33,412.22,KIN-ENV-03,
Kingsley,2026-03-05T15:00:00Z,9.67,50.51,355.92,KIN-ENV-01,
Kingsley,2026-03-05T16:00:00Z,10.72,49.65,391.07,KIN-ENV-02,
Kingsley,2026-03-05T17:00:00Z,10.95,47.54,378.35,KIN-ENV-03,
Kingsley,2026-03-05T18:00:00Z,8.36,44.99,345.84,KIN-ENV-01,
Kingsley,2026-03-05T19:00:00Z,9.60,44.76,291.63,KIN-ENV-02,
Kingsley,2026-03-05T20:00:00Z,7.07,42.14,249.79,KIN-ENV-03,
Kingsley,2026-03-05T21:00:00Z,7.60,41.52,277.28,KIN-ENV-01,
Kingsley,2026-03-05T22:00:00Z,7.49,37.57,263.69,KIN-ENV-02,
Kingsley,2026-03-05T23:00:00Z,7.27,42.96,230.27,KIN-ENV-03,
Kingsley,2026-03-06T00:00:00Z,7.85,39.39,216.64,KIN-ENV-01,
Kingsley,2026-03-06T01:00:00Z,7.39,38.13,224.52,KIN-ENV-02,
Kingsley,2026-03-06T02:00:00Z,6.51,43.69,271.94,KIN-ENV-03,
Kingsley,2026-03-06T03:00:00Z,8.82,43.03,272.34,KIN-ENV-01,
Kingsley,2026-03-06T04:00:00Z,8.08,43.54,270.45,KIN-ENV-02,
Kingsley,2026-03-06T05:00:00Z,7.81,42.53,284.19,KIN-ENV-03,
Kingsley,2026-03-06T06:00:00Z,9.85,45.60,338.13,KIN-ENV-01,
Kingsley,2026-03-06T07:00:00Z,10.67,44.41,362.98,KIN-ENV-02,
Kingsley,2026-03-06T08:00:00Z,10.91,49.36,396.28,KIN-ENV-03,
Kingsley,2026-03-06T09:00:00Z,11.43,51.83,393.07,KIN-ENV-01,
Kingsley,2026-03-06T10:00:00Z,12.09,49.79,439.91,KIN-ENV-02,
Kingsley,2026-03-06T11:00:00Z,13.02,50.82,414.24,KIN-ENV-03,
Kingsley,2026-03-06T12:00:00Z,13.55,52.72,421.54,KIN-ENV-01,
Kingsley,2026-03-06T13:00:00Z,11.99,50.50,425.17,KIN-ENV-02,
Kingsley,2026-03-06T14:00:00Z,10.66,49.58,401.87,KIN-ENV-03,
Kingsley,2026-03-06T15:00:00Z,11.48,50.14,432.28,KIN-ENV-01,
Kingsley,2026-03-06T16:00:00Z,10.79,48.67,390.66,KIN-ENV-02,
Kingsley,2026-03-06T17:00:00Z,10.68,47.85,352.92,KIN-ENV-03,
Kingsley,2026-03-06T18:00:00Z,8.35,44.98,327.39,KIN-ENV-01,
Kingsley,2026-03-06T19:00:00Z,9.52,42.49,316.29,KIN-ENV-02,
Kingsley,2026-03-06T20:00:00Z,6.72,42.84,275.26,KIN-ENV-03,
Kingsley,2026-03-06T21:00:00Z,6.25,40.53,262.52,KIN-ENV-01,
Kingsley,2026-03-06T22:00:00Z,7.12,39.08,194.50,KIN-ENV-02,
Kingsley,2026-03-06T23:00:00Z,6.85,41.96,237.51,KIN-ENV-03,
Kingsley,2026-03-07T00:00:00Z,8.14,41.50,244.42,KIN-ENV-01,
Kingsley,2026-03-07T01:00:00Z,7.11,40.76,195.54,KIN-ENV-02,
Kingsley,2026-03-07T02:00:00Z,7.95,40.00,266.77,KIN-ENV-03,
Kingsley,2026-03-07T03:00:00Z,7.41,44.35,265.77,KIN-ENV-01,
Kingsley,2026-03-07T04:00:00Z,8.34,42.81,312.35,KIN-ENV-02,
Kingsley,2026-03-07T05:00:00Z,7.79,44.05,309.03,KIN-ENV-03,
Kingsley,2026-03-07T06:00:00Z,9.86,47.04,318.26,KIN-ENV-01,
Kingsley,2026-03-07T07:00:00Z,10.07,46.95,364.99,KIN-ENV-02,
Kingsley,2026-03-07T08:00:00Z,10.00,48.38,382.48,KIN-ENV-03,
Kingsley,2026-03-07T09:00:00Z,11.80,50.03,417.77,KIN-ENV-01,
Kingsley,2026-03-07T10:00:00Z,12.55,52.02,441.80,KIN-ENV-02,
Kingsley,2026-03-07T11:00:00Z,12.18,53.00,459.06,KIN-ENV-03,
Kingsley,2026-03-07T12:00:00Z,11.98,51.16,389.13,KIN-ENV-01,
Kingsley,2026-03-07T13:00:00Z,12.33,51.44,417.43,KIN-ENV-02,
Kingsley,2026-03-07T14:00:00Z,11.66,51.69,397.29,KIN-ENV-03,
Kingsley,2026-03-07T15:00:00Z,10.29,52.21,413.16,KIN-ENV-01,
Kingsley,2026-03-07T16:00:00Z,11.49,47.22,380.27,KIN-ENV-02,
Kingsley,2026-03-07T17:00:00Z,10.66,47.36,349.54,KIN-ENV-03,
Kingsley,2026-03-07T18:00:00Z,8.94,45.09,326.20,KIN-ENV-01,
Kingsley,2026-03-07T19:00:00Z,8.57,46.61,313.76,KIN-ENV-02,
Kingsley,2026-03-07T20:00:00Z,8.42,42.67,296.40,KIN-ENV-03,
Kingsley,2026-03-07T21:00:00Z,7.12,42.55,279.12,KIN-ENV-01,
Kingsley,2026-03-07T22:00:00Z,5.87,39.85,249.38,KIN-ENV-02,
Kingsley,2026-03-07T23:00:00Z,7.64,41.95,194.77,KIN-ENV-03,
Kingsley,2026-03-08T00:00:00Z,8.56,42.14,201.65,KIN-ENV-01,
Kingsley,2026-03-08T01:00:00Z,7.79,39.90,250.14,KIN-ENV-02,
Kingsley,2026-03-08T02:00:00Z,8.81,40.27,247.23,KIN-ENV-03,
Kingsley,2026-03-08T03:00:00Z,8.29,41.34,262.21,KIN-ENV-01,
Kingsley,2026-03-08T04:00:00Z,8.86,41.66,264.54,KIN-ENV-02,
Kingsley,2026-03-08T05:00:00Z,9.79,44.01,346.19,KIN-ENV-03,
Kingsley,2026-03-08T06:00:00Z,10.27,45.48,353.72,KIN-ENV-01,
Kingsley,2026-03-08T07:00:00Z,10.10,47.38,353.51,KIN-ENV-02,
Kingsley,2026-03-08T08:00:00Z,10.81,50.52,388.89,KIN-ENV-03,
Kingsley,2026-03-08T09:00:00Z,11.97,52.92,396.69,KIN-ENV-01,
Kingsley,2026-03-08T10:00:00Z,11.15,48.92,434.53,KIN-ENV-02,
Kingsley,2026-03-08T11:00:00Z,10.97,53.94,444.92,KIN-ENV-03,
Kingsley,2026-03-08T12:00:00Z,11.66,50.62,433.41,KIN-ENV-01,
Kingsley,2026-03-08T13:00:00Z,12.01,50.18,430.37,KIN-ENV-02,
Kingsley,2026-03-08T14:00:00Z,11.68,49.88,409.75,KIN-ENV-03,
Kingsley,2026-03-08T15:00:00Z,10.42,49.26,421.59,KIN-ENV-01,
Kingsley,2026-03-08T16:00:00Z,11.59,48.20,383.46,KIN-ENV-02,
Kingsley,2026-03-08T17:00:00Z,10.42,48.47,337.52,KIN-ENV-03,
Kingsley,2026-03-08T18:00:00Z,8.73,45.05,332.50,KIN-ENV-01,
Kingsley,2026-03-08T19:00:00Z,8.33,43.81,295.95,KIN-ENV-02,
Kingsley,2026-03-08T20:00:00Z,8.64,43.16,271.35,KIN-ENV-03,
Kingsley,2026-03-08T21:00:00Z,8.02,41.45,256.02,KIN-ENV-01,
Kingsley,2026-03-08T22:00:00Z,7.40,41.67,256.89,KIN-ENV-02,
Kingsley,2026-03-08T23:00:00Z,8.63,36.24,248.18,KIN-ENV-03,
Kingsley,2026-03-09T00:00:00Z,7.66,39.15,231.42,KIN-ENV-01,
Kingsley,2026-03-09T01:00:00Z,7.79,39.50,231.21,KIN-ENV-02,
Kingsley,2026-03-09T02:00:00Z,7.37,41.74,251.57,KIN-ENV-03,
Kingsley,2026-03-09T03:00:00Z,8.14,40.78,288.64,KIN-ENV-01,
Kingsley,2026-03-09T04:00:00Z,8.53,45.26,256.71,KIN-ENV-02,
Kingsley,2026-03-09T05:00:00Z,8.81,42.76,332.29,KIN-ENV-03,
Kingsley,2026-03-09T06:00:00Z,8.11,44.91,298.12,KIN-ENV-01,
Kingsley,2026-03-09T07:00:00Z,10.07,47.91,349.84,KIN-ENV-02,
Kingsley,2026-03-09T08:00:00Z,10.43,47.98,395.61,KIN-ENV-03,
Kingsley,2026-03-09T09:00:00Z,10.39,50.90,399.91,KIN-ENV-01,
Kingsley,2026-03-09T10:00:00Z,11.56,50.85,421.83,KIN-ENV-02,
Kingsley,2026-03-09T11:00:00Z,11.86,49.08,392.16,KIN-ENV-03,
Kingsley,2026-03-09T12:00:00Z,11.96,51.48,455.05,KIN-ENV-01,
Kingsley,2026-03-09T13:00:00Z,11.53,51.31,438.80,KIN-ENV-02,
Kingsley,2026-03-09T14:00:00Z,11.15,51.19,405.46,KIN-ENV-03,
Kingsley,2026-03-09T15:00:00Z,12.67,49.58,388.56,KIN-ENV-01,
Kingsley,2026-03-09T16:00:00Z,9.27,49.57,428.18,KIN-ENV-02,
Kingsley,2026-03-09T17:00:00Z,11.12,48.64,363.52,KIN-ENV-03,
Kingsley,2026-03-09T18:00:00Z,8.43,45.67,299.62,KIN-ENV-01,
Kingsley,2026-03-09T19:00:00Z,9.89,45.69,274.52,KIN-ENV-02,
Kingsley,2026-03-09T20:00:00Z,8.85,42.39,290.30,KIN-ENV-03,
Kingsley,2026-03-09T21:00:00Z,6.85,41.44,260.77,KIN-ENV-01,
Kingsley,2026-03-09T22:00:00Z,7.48,41.89,258.81,KIN-ENV-02,
Kingsley,2026-03-09T23:00:00Z,8.08,42.34,208.16,KIN-ENV-03,
Kingsley,2026-03-10T00:00:00Z,7.69,39.97,225.19,KIN-ENV-01,
Kingsley,2026-03-10T01:00:00Z,8.36,40.54,249.52,KIN-ENV-02,
Kingsley,2026-03-10T02:00:00Z,6.60,36.86,223.12,KIN-ENV-03,
Kingsley,2026-03-10T03:00:00Z,7.57,41.88,257.45,KIN-ENV-01,
Kingsley,2026-03-10T04:00:00Z,7.08,42.77,249.24,KIN-ENV-02,
Kingsley,2026-03-10T05:00:00Z,8.21,46.29,292.46,KIN-ENV-03,
Kingsley,2026-03-10T06:00:00Z,8.45,44.86,350.45,KIN-ENV-01,
Kingsley,2026-03-10T07:00:00Z,9.03,45.82,365.96,KIN-ENV-02,
Kingsley,2026-03-10T08:00:00Z,9.29,49.10,326.43,KIN-ENV-03,
Kingsley,2026-03-10T09:00:00Z,10.65,48.74,407.26,KIN-ENV-01,
Kingsley,2026-03-10T10:00:00Z,11.20,53.10,424.29,KIN-ENV-02,
Kingsley,2026-03-10T11:00:00Z,12.10,51.46,444.38,KIN-ENV-03,
Kingsley,2026-03-10T12:00:00Z,12.18,52.40,428.70,KIN-ENV-01,
Kingsley,2026-03-10T13:00:00Z,11.17,51.55,444.64,KIN-ENV-02,
Kingsley,2026-03-10T14:00:00Z,11.60,52.27,409.19,KIN-ENV-03,
Kingsley,2026-03-10T15:00:00Z,12.70,51.04,400.45,KIN-ENV-01,
Kingsley,2026-03-10T16:00:00Z,10.44,47.00,397.59,KIN-ENV-02,
Kingsley,2026-03-10T17:00:00Z,10.35,48.07,371.30,KIN-ENV-03,
Kingsley,2026-03-10T18:00:00Z,10.96,47.68,367.74,KIN-ENV-01,
Kingsley,2026-03-10T19:00:00Z,8.20,46.39,301.38,KIN-ENV-02,
Kingsley,2026-03-10T20:00:00Z,8.77,43.71,286.90,KIN-ENV-03,
Kingsley,2026-03-10T21:00:00Z,8.61,38.62,260.76,KIN-ENV-01,
Kingsley,2026-03-10T22:00:00Z,7.44,42.24,257.06,KIN-ENV-02,
Kingsley,2026-03-10T23:00:00Z,7.65,41.09,211.26,KIN-ENV-03,
Kingsley,2026-03-11T00:00:00Z,6.64,41.68,244.60,KIN-ENV-01,
Kingsley,2026-03-11T01:00:00Z,5.95,39.92,188.94,KIN-ENV-02,
Kingsley,2026-03-11T02:00:00Z,7.71,40.79,241.75,KIN-ENV-03,
Kingsley,2026-03-11T03:00:00Z,7.12,42.72,249.68,KIN-ENV-01,
Kingsley,2026-03-11T04:00:00Z,7.91,44.29,276.51,KIN-ENV-02,
Kingsley,2026-03-11T05:00:00Z,7.79,42.51,304.75,KIN-ENV-03,
Kingsley,2026-03-11T06:00:00Z,9.44,45.86,321.72,KIN-ENV-01,
Kingsley,2026-03-11T07:00:00Z,10.84,49.51,369.91,KIN-ENV-02,
Kingsley,2026-03-11T08:00:00Z,8.91,51.38,398.28,KIN-ENV-03,
Kingsley,2026-03-11T09:00:00Z,9.97,50.31,403.12,KIN-ENV-01,
Kingsley,2026-03-11T10:00:00Z,12.22,52.45,408.50,KIN-ENV-02,
Kingsley,2026-03-11T11:00:00Z,10.47,52.56,404.35,KIN-ENV-03,
Kingsley,2026-03-11T12:00:00Z,12.43,51.13,445.45,KIN-ENV-01,
Kingsley,2026-03-11T13:00:00Z,12.09,53.14,424.52,KIN-ENV-02,
Kingsley,2026-03-11T14:00:00Z,10.75,51.03,419.21,KIN-ENV-03,
Kingsley,2026-03-11T15:00:00Z,10.95,51.19,412.56,KIN-ENV-01,
Kingsley,2026-03-11T16:00:00Z,10.63,50.42,389.34,KIN-ENV-02,
Kingsley,2026-03-11T17:00:00Z,10.73,47.42,323.32,KIN-ENV-03,
Kingsley,2026-03-11T18:00:00Z,8.81,49.22,306.88,KIN-ENV-01,
Kingsley,2026-03-11T19:00:00Z,8.15,44.02,286.68,KIN-ENV-02,
Kingsley,2026-03-11T20:00:00Z,9.96,44.40,270.60,KIN-ENV-03,
Kingsley,2026-03-11T21:00:00Z,8.35,43.39,278.49,KIN-ENV-01,
Kingsley,2026-03-11T22:00:00Z,6.95,38.92,242.83,KIN-ENV-02,
Kingsley,2026-03-11T23:00:00Z,6.79,38.51,262.34,KIN-ENV-03,
Kingsley,2026-03-12T00:00:00Z,8.57,39.10,239.92,KIN-ENV-01,
Kingsley,2026-03-12T01:00:00Z,7.29,42.13,214.25,KIN-ENV-02,
Kingsley,2026-03-12T02:00:00Z,6.85,42.03,251.28,KIN-ENV-03,
Kingsley,2026-03-12T03:00:00Z,8.69,42.74,270.59,KIN-ENV-01,
Kingsley,2026-03-12T04:00:00Z,8.41,41.29,298.92,KIN-ENV-02,
Kingsley,2026-03-12T05:00:00Z,10.09,41.20,241.47,KIN-ENV-03,
Kingsley,2026-03-12T06:00:00Z,10.60,45.62,312.67,KIN-ENV-01,
Kingsley,2026-03-12T07:00:00Z,10.21,48.85,318.57,KIN-ENV-02,
Kingsley,2026-03-12T08:00:00Z,13.43,48.28,358.62,KIN-ENV-03,
Kingsley,2026-03-12T09:00:00Z,11.55,48.62,380.35,KIN-ENV-01,
Kingsley,2026-03-12T10:00:00Z,12.42,51.64,400.87,KIN-ENV-02,
Kingsley,2026-03-12T11:00:00Z,12.65,51.87,423.28,KIN-ENV-03,
Kingsley,2026-03-12T12:00:00Z,12.45,51.79,390.27,KIN-ENV-01,
Kingsley,2026-03-12T13:00:00Z,12.17,51.25,408.08,KIN-ENV-02,
Kingsley,2026-03-12T14:00:00Z,11.51,51.37,392.39,KIN-ENV-03,
Kingsley,2026-03-12T15:00:00Z,10.98,51.58,375.65,KIN-ENV-01,
Kingsley,2026-03-12T16:00:00Z,9.73,49.49,370.11,KIN-ENV-02,
Kingsley,2026-03-12T17:00:00Z,10.40,46.53,337.60,KIN-ENV-03,
Kingsley,2026-03-12T18:00:00Z,9.35,45.58,328.54,KIN-ENV-01,
Kingsley,2026-03-12T19:00:00Z,9.14,46.16,287.36,KIN-ENV-02,
Kingsley,2026-03-12T20:00:00Z,7.37,41.90,282.35,KIN-ENV-03,
Kingsley,2026-03-12T21:00:00Z,7.25,40.73,290.66,KIN-ENV-01,
Kingsley,2026-03-12T22:00:00Z,8.05,40.51,233.31,KIN-ENV-02,
Kingsley,2026-03-12T23:00:00Z,6.76,41.35,239.49,KIN-ENV-03,
Kingsley,2026-03-13T00:00:00Z,7.75,41.32,217.33,KIN-ENV-01,
Kingsley,2026-03-13T01:00:00Z,5.54,42.44,209.11,KIN-ENV-02,
Kingsley,2026-03-13T02:00:00Z,8.17,42.36,255.81,KIN-ENV-03,
Kingsley,2026-03-13T03:00:00Z,8.46,42.63,250.81,KIN-ENV-01,
Kingsley,2026-03-13T04:00:00Z,9.06,41.87,302.92,KIN-ENV-02,
Kingsley,2026-03-13T05:00:00Z,7.99,41.23,290.80,KIN-ENV-03,
Kingsley,2026-03-13T06:00:00Z,10.99,43.74,340.21,KIN-ENV-01,
Kingsley,2026-03-13T07:00:00Z,9.20,47.59,371.46,KIN-ENV-02,
Kingsley,2026-03-13T08:00:00Z,11.02,47.23,369.38,KIN-ENV-03,
Kingsley,2026-03-13T09:00:00Z,12.14,48.45,402.04,KIN-ENV-01,
Kingsley,2026-03-13T10:00:00Z,10.29,49.76,430.59,KIN-ENV-02,
Kingsley,2026-03-13T11:00:00Z,12.05,52.85,426.77,KIN-ENV-03,
Kingsley,2026-03-13T12:00:00Z,62.53,54.46,405.34,KIN-ENV-01,pm25
Kingsley,2026-03-13T13:00:00Z,12.04,49.91,411.20,KIN-ENV-02,
Kingsley,2026-03-13T14:00:00Z,10.74,51.37,413.83,KIN-ENV-03,
Kingsley,2026-03-13T15:00:00Z,11.64,49.76,378.74,KIN-ENV-01,
Kingsley,2026-03-13T16:00:00Z,10.31,49.14,371.15,KIN-ENV-02,
Kingsley,2026-03-13T17:00:00Z,11.06,46.17,334.23,KIN-ENV-03,
Kingsley,2026-03-13T18:00:00Z,9.18,45.59,332.59,KIN-ENV-01,
Kingsley,2026-03-13T19:00:00Z,8.95,42.26,306.95,KIN-ENV-02,
Kingsley,2026-03-13T20:00:00Z,8.03,43.90,263.31,KIN-ENV-03,
Kingsley,2026-03-13T21:00:00Z,6.67,41.80,269.15,KIN-ENV-01,
Kingsley,2026-03-13T22:00:00Z,7.59,42.56,233.60,KIN-ENV-02,
Kingsley,2026-03-13T23:00:00Z,6.72,42.84,236.67,KIN-ENV-03,
Kingsley,2026-03-14T00:00:00Z,7.19,37.72,215.62,KIN-ENV-01,
Kingsley,2026-03-14T01:00:00Z,7.67,41.55,230.10,KIN-ENV-02,
Kingsley,2026-03-14T02:00:00Z,8.29,42.50,224.32,KIN-ENV-03,
Kingsley,2026-03-14T03:00:00Z,7.45,41.59,280.85,KIN-ENV-01,
Kingsley,2026-03-14T04:00:00Z,8.57,45.58,266.68,KIN-ENV-02,
Kingsley,2026-03-14T05:00:00Z,8.94,43.90,306.53,KIN-ENV-03,
Kingsley,2026-03-14T06:00:00Z,8.97,44.57,302.08,KIN-ENV-01,
Kingsley,2026-03-14T07:00:00Z,10.21,46.28,373.83,KIN-ENV-02,
Kingsley,2026-03-14T08:00:00Z,12.16,47.41,375.01,KIN-ENV-03,
Kingsley,2026-03-14T09:00:00Z,10.69,51.59,416.65,KIN-ENV-01,
Kingsley,2026-03-14T10:00:00Z,12.61,51.02,377.14,KIN-ENV-02,
Kingsley,2026-03-14T11:00:00Z,11.60,51.95,406.90,KIN-ENV-03,
Kingsley,2026-03-14T12:00:00Z,12.60,51.78,435.46,KIN-ENV-01,
Kingsley,2026-03-14T13:00:00Z,11.88,53.39,433.37,KIN-ENV-02,
Kingsley,2026-03-14T14:00:00Z,10.67,53.60,401.79,KIN-ENV-03,
Kingsley,2026-03-14T15:00:00Z,11.08,50.15,383.80,KIN-ENV-01,
Kingsley,2026-03-14T16:00:00Z,11.44,50.92,377.93,KIN-ENV-02,
Kingsley,2026-03-14T17:00:00Z,9.95,47.79,336.06,KIN-ENV-03,
Kingsley,2026-03-14T18:00:00Z,9.70,43.48,331.27,KIN-ENV-01,
Kingsley,2026-03-14T19:00:00Z,8.15,43.89,341.42,KIN-ENV-02,
Kingsley,2026-03-14T20:00:00Z,6.93,44.02,266.55,KIN-ENV-03,
Kingsley,2026-03-14T21:00:00Z,7.32,44.65,264.78,KIN-ENV-01,
Kingsley,2026-03-14T22:00:00Z,6.12,40.72,260.30,KIN-ENV-02,
Kingsley,2026-03-14T23:00:00Z,7.34,39.17,271.28,KIN-ENV-03,
Maplewood,2026-03-01T00:00:00Z,13.06,51.79,270.00,MAP-ENV-01,
Maplewood,2026-03-01T01:00:00Z,11.21,51.41,295.40,MAP-ENV-02,
Maplewood,2026-03-01T02:00:00Z,10.51,51.80,325.50,MAP-ENV-03,
Maplewood,2026-03-01T03:00:00Z,12.43,53.46,351.05,MAP-ENV-01,
Maplewood,2026-03-01T04:00:00Z,15.14,55.15,361.16,MAP-ENV-02,
Maplewood,2026-03-01T05:00:00Z,12.98,52.05,407.13,MAP-ENV-03,
Maplewood,2026-03-01T06:00:00Z,15.53,54.88,413.49,MAP-ENV-01,
Maplewood,2026-03-01T07:00:00Z,15.72,59.07,497.63,MAP-ENV-02,
Maplewood,2026-03-01T08:00:00Z,18.33,60.32,438.86,MAP-ENV-03,
Maplewood,2026-03-01T09:00:00Z,18.89,58.37,525.49,MAP-ENV-01,
Maplewood,2026-03-01T10:00:00Z,20.19,62.94,493.65,MAP-ENV-02,
Maplewood,2026-03-01T11:00:00Z,22.92,63.74,549.56,MAP-ENV-03,
Maplewood,2026-03-01T12:00:00Z,19.80,61.44,578.58,MAP-ENV-01,
Maplewood,2026-03-01T13:00:00Z,17.10,63.12,517.59,MAP-ENV-02,
Maplewood,2026-03-01T14:00:00Z,19.18,64.74,554.67,MAP-ENV-03,
Maplewood,2026-03-01T15:00:00Z,17.80,61.98,503.32,MAP-ENV-01,
Maplewood,2026-03-01T16:00:00Z,16.91,60.33,492.19,MAP-ENV-02,
Maplewood,2026-03-01T17:00:00Z,17.15,55.54,460.11,MAP-ENV-03,
Maplewood,2026-03-01T18:00:00Z,16.67,56.41,412.25,MAP-ENV-01,
Maplewood,2026-03-01T19:00:00Z,16.02,57.30,398.59,MAP-ENV-02,
Maplewood,2026-03-01T20:00:00Z,16.18,54.29,343.12,MAP-ENV-03,
Maplewood,2026-03-01T21:00:00Z,11.18,53.74,311.94,MAP-ENV-01,
Maplewood,2026-03-01T22:00:00Z,11.69,52.48,326.25,MAP-ENV-02,
Maplewood,2026-03-01T23:00:00Z,12.05,51.23,310.23,MAP-ENV-03,
Maplewood,2026-03-02T00:00:00Z,10.05,50.07,295.26,MAP-ENV-01,
Maplewood,2026-03-02T01:00:00Z,11.27,52.34,316.64,MAP-ENV-02,
Maplewood,2026-03-02T02:00:00Z,9.43,52.10,268.06,MAP-ENV-03,
Maplewood,2026-03-02T03:00:00Z,13.01,52.60,347.27,MAP-ENV-01,
Maplewood,2026-03-02T04:00:00Z,14.24,54.23,337.95,MAP-ENV-02,
Maplewood,2026-03-02T05:00:00Z,13.55,56.35,353.71,MAP-ENV-03,
Maplewood,2026-03-02T06:00:00Z,14.66,60.22,423.36,MAP-ENV-01,
Maplewood,2026-03-02T07:00:00Z,18.52,56.96,459.24,MAP-ENV-02,
Maplewood,2026-03-02T08:00:00Z,19.77,60.06,505.84,MAP-ENV-03,
Maplewood,2026-03-02T09:00:00Z,19.44,60.41,546.63,MAP-ENV-01,
Maplewood,2026-03-02T10:00:00Z,19.05,63.05,529.78,MAP-ENV-02,
Maplewood,2026-03-02T11:00:00Z,20.83,62.66,542.05,MAP-ENV-03,
Maplewood,2026-03-02T12:00:00Z,19.99,61.97,566.89,MAP-ENV-01,
Maplewood,2026-03-02T13:00:00Z,20.09,61.56,542.97,MAP-ENV-02,
Maplewood,2026-03-02T14:00:00Z,21.98,61.80,542.03,MAP-ENV-03,
Maplewood,2026-03-02T15:00:00Z,18.05,59.06,499.23,MAP-ENV-01,
Maplewood,2026-03-02T16:00:00Z,17.90,62.16,512.07,MAP-ENV-02,
Maplewood,2026-03-02T17:00:00Z,14.76,58.85,476.36,MAP-ENV-03,
Maplewood,2026-03-02T18:00:00Z,17.01,57.62,429.69,MAP-ENV-01,
Maplewood,2026-03-02T19:00:00Z,16.91,53.99,369.63,MAP-ENV-02,
Maplewood,2026-03-02T20:00:00Z,14.53,53.41,370.02,MAP-ENV-03,
Maplewood,2026-03-02T21:00:00Z,16.80,53.04,317.86,MAP-ENV-01,
Maplewood,2026-03-02T22:00:00Z,12.24,51.04,310.40,MAP-ENV-02,
Maplewood,2026-03-02T23:00:00Z,14.10,51.16,293.97,MAP-ENV-03,
Maplewood,2026-03-03T00:00:00Z,10.07,51.78,248.74,MAP-ENV-01,
Maplewood,2026-03-03T01:00:00Z,12.32,49.56,327.34,MAP-ENV-02,
Maplewood,2026-03-03T02:00:00Z,13.62,53.24,299.98,MAP-ENV-03,
Maplewood,2026-03-03T03:00:00Z,12.74,52.68,325.38,MAP-ENV-01,
Maplewood,2026-03-03T04:00:00Z,12.89,54.06,352.23,MAP-ENV-02,
Maplewood,2026-03-03T05:00:00Z,14.77,55.65,369.87,MAP-ENV-03,
Maplewood,2026-03-03T06:00:00Z,17.85,57.00,435.22,MAP-ENV-01,
Maplewood,2026-03-03T07:00:00Z,18.89,59.92,423.81,MAP-ENV-02,
Maplewood,2026-03-03T08:00:00Z,18.09,60.49,497.65,MAP-ENV-03,
Maplewood,2026-03-03T09:00:00Z,17.68,60.12,524.63,MAP-ENV-01,
Maplewood,2026-03-03T10:00:00Z,19.64,61.75,518.13,MAP-ENV-02,
Maplewood,2026-03-03T11:00:00Z,18.99,62.73,522.74,MAP-ENV-03,
Maplewood,2026-03-03T12:00:00Z,23.21,64.85,549.42,MAP-ENV-01,
Maplewood,2026-03-03T13:00:00Z,21.57,60.31,490.17,MAP-ENV-02,
Maplewood,2026-03-03T14:00:00Z,19.74,59.55,552.29,MAP-ENV-03,
Maplewood,2026-03-03T15:00:00Z,20.29,62.28,488.73,MAP-ENV-01,
Maplewood,2026-03-03T16:00:00Z,18.30,62.62,475.70,MAP-ENV-02,
Maplewood,2026-03-03T17:00:00Z,17.54,56.32,450.34,MAP-ENV-03,
Maplewood,2026-03-03T18:00:00Z,20.17,57.55,418.54,MAP-ENV-01,
Maplewood,2026-03-03T19:00:00Z,13.19,54.41,389.01,MAP-ENV-02,
Maplewood,2026-03-03T20:00:00Z,13.12,48.34,355.15,MAP-ENV-03,
Maplewood,2026-03-03T21:00:00Z,12.84,51.27,331.72,MAP-ENV-01,
Maplewood,2026-03-03T22:00:00Z,12.26,50.49,314.43,MAP-ENV-02,
Maplewood,2026-03-03T23:00:00Z,12.75,49.72,273.90,MAP-ENV-03,
Maplewood,2026-03-04T00:00:00Z,13.63,51.58,321.17,MAP-ENV-01,
Maplewood,2026-03-04T01:00:00Z,12.92,50.73,308.85,MAP-ENV-02,
Maplewood,2026-03-04T02:00:00Z,14.30,54.91,318.42,MAP-ENV-03,
Maplewood,2026-03-04T03:00:00Z,12.41,49.82,291.55,MAP-ENV-01,
Maplewood,2026-03-04T04:00:00Z,15.52,54.98,361.61,MAP-ENV-02,
Maplewood,2026-03-04T05:00:00Z,13.53,54.58,374.53,MAP-ENV-03,
Maplewood,2026-03-04T06:00:00Z,126.37,55.41,427.94,MAP-ENV-01,pm25
Maplewood,2026-03-04T07:00:00Z,79.08,58.59,476.32,MAP-ENV-02,pm25
Maplewood,2026-03-04T08:00:00Z,18.02,61.86,460.60,MAP-ENV-03,
Maplewood,2026-03-04T09:00:00Z,16.59,61.76,500.06,MAP-ENV-01,
Maplewood,2026-03-04T10:00:00Z,18.85,62.21,504.64,MAP-ENV-02,
Maplewood,2026-03-04T11:00:00Z,22.49,65.09,547.22,MAP-ENV-03,
Maplewood,2026-03-04T12:00:00Z,18.66,63.54,567.83,MAP-ENV-01,
Maplewood,2026-03-04T13:00:00Z,22.16,60.62,541.07,MAP-ENV-02,
Maplewood,2026-03-04T14:00:00Z,17.89,62.72,587.56,MAP-ENV-03,
Maplewood,2026-03-04T15:00:00Z,19.57,60.93,520.66,MAP-ENV-01,
Maplewood,2026-03-04T16:00:00Z,19.24,59.23,519.24,MAP-ENV-02,
Maplewood,2026-03-04T17:00:00Z,18.60,59.96,422.81,MAP-ENV-03,
Maplewood,2026-03-04T18:00:00Z,17.45,57.33,417.48,MAP-ENV-01,
Maplewood,2026-03-04T19:00:00Z,15.51,55.51,386.39,MAP-ENV-02,
Maplewood,2026-03-04T20:00:00Z,17.15,54.88,363.47,MAP-ENV-03,
Maplewood,2026-03-04T21:00:00Z,14.28,53.21,347.98,MAP-ENV-01,
Maplewood,2026-03-04T22:00:00Z,13.09,52.12,365.11,MAP-ENV-02,
Maplewood,2026-03-04T23:00:00Z,12.28,51.22,296.31,MAP-ENV-03,
Maplewood,2026-03-05T00:00:00Z,10.87,51.90,230.63,MAP-ENV-01,
Maplewood,2026-03-05T01:00:00Z,13.38,51.27,268.16,MAP-ENV-02,
Maplewood,2026-03-05T02:00:00Z,12.56,50.78,322.49,MAP-ENV-03,
Maplewood,2026-03-05T03:00:00Z,13.92,52.44,314.32,MAP-ENV-01,
Maplewood,2026-03-05T04:00:00Z,13.83,53.73,389.06,MAP-ENV-02,
Maplewood,2026-03-05T05:00:00Z,15.78,57.92,372.22,MAP-ENV-03,
Maplewood,2026-03-05T06:00:00Z,14.96,55.78,384.01,MAP-ENV-01,
Maplewood,2026-03-05T07:00:00Z,19.37,57.97,472.86,MAP-ENV-02,
Maplewood,2026-03-05T08:00:00Z,17.14,59.96,484.68,MAP-ENV-03,
Maplewood,2026-03-05T09:00:00Z,20.09,61.66,502.21,MAP-ENV-01,
Maplewood,2026-03-05T10:00:00Z,19.55,62.73,504.56,MAP-ENV-02,
Maplewood,2026-03-05T11:00:00Z,21.74,61.62,560.39,MAP-ENV-03,
Maplewood,2026-03-05T12:00:00Z,18.42,62.24,553.98,MAP-ENV-01,
Maplewood,2026-03-05T13:00:00Z,21.13,62.88,541.91,MAP-ENV-02,
Maplewood,2026-03-05T14:00:00Z,17.15,64.51,514.87,MAP-ENV-03,
Maplewood,2026-03-05T15:00:00Z,19.89,59.05,487.79,MAP-ENV-01,
Maplewood,2026-03-05T16:00:00Z,22.71,58.76,487.23,MAP-ENV-02,
Maplewood,2026-03-05T17:00:00Z,16.55,56.61,411.43,MAP-ENV-03,
Maplewood,2026-03-05T18:00:00Z,16.20,56.59,417.64,MAP-ENV-01,
Maplewood,2026-03-05T19:00:00Z,14.39,55.73,395.11,MAP-ENV-02,
Maplewood,2026-03-05T20:00:00Z,13.33,52.55,350.47,MAP-ENV-03,
Maplewood,2026-03-05T21:00:00Z,15.25,53.58,339.33,MAP-ENV-01,
Maplewood,2026-03-05T22:00:00Z,13.29,49.22,356.73,MAP-ENV-02,
Maplewood,2026-03-05T23:00:00Z,10.99,51.98,287.98,MAP-ENV-03,
Maplewood,2026-03-06T00:00:00Z,12.60,49.59,263.82,MAP-ENV-01,
Maplewood,2026-03-06T01:00:00Z,11.93,49.69,348.94,MAP-ENV-02,
Maplewood,2026-03-06T02:00:00Z,12.38,51.44,291.54,MAP-ENV-03,
Maplewood,2026-03-06T03:00:00Z,11.33,49.70,352.55,MAP-ENV-01,
Maplewood,2026-03-06T04:00:00Z,12.79,54.01,364.12,MAP-ENV-02,
Maplewood,2026-03-06T05:00:00Z,12.80,55.01,406.93,MAP-ENV-03,
Maplewood,2026-03-06T06:00:00Z,17.17,57.25,404.90,MAP-ENV-01,
Maplewood,2026-03-06T07:00:00Z,15.77,54.53,444.04,MAP-ENV-02,
Maplewood,2026-03-06T08:00:00Z,17.60,59.56,458.51,MAP-ENV-03,
Maplewood,2026-03-06T09:00:00Z,20.54,59.74,486.94,MAP-ENV-01,
Maplewood,2026-03-06T10:00:00Z,20.29,61.35,534.71,MAP-ENV-02,
Maplewood,2026-03-06T11:00:00Z,22.51,63.16,506.25,MAP-ENV-03,
Maplewood,2026-03-06T12:00:00Z,20.16,62.64,554.19,MAP-ENV-01,
Maplewood,2026-03-06T13:00:00Z,21.02,62.88,573.56,MAP-ENV-02,
Maplewood,2026-03-06T14:00:00Z,18.60,63.67,534.49,MAP-ENV-03,
Maplewood,2026-03-06T15:00:00Z,18.71,61.15,517.82,MAP-ENV-01,
Maplewood,2026-03-06T16:00:00Z,17.07,62.10,506.55,MAP-ENV-02,
Maplewood,2026-03-06T17:00:00Z,17.36,58.58,496.20,MAP-ENV-03,
Maplewood,2026-03-06T18:00:00Z,16.23,54.86,426.53,MAP-ENV-01,
Maplewood,2026-03-06T19:00:00Z,15.46,56.21,368.44,MAP-ENV-02,
Maplewood,2026-03-06T20:00:00Z,14.20,53.11,414.94,MAP-ENV-03,
Maplewood,2026-03-06T21:00:00Z,11.19,51.52,319.26,MAP-ENV-01,
Maplewood,2026-03-06T22:00:00Z,12.35,49.77,284.79,MAP-ENV-02,
Maplewood,2026-03-06T23:00:00Z,11.04,49.59,307.56,MAP-ENV-03,
Maplewood,2026-03-07T00:00:00Z,14.03,50.13,279.18,MAP-ENV-01,
Maplewood,2026-03-07T01:00:00Z,13.27,51.90,294.37,MAP-ENV-02,
Maplewood,2026-03-07T02:00:00Z,14.30,51.53,327.28,MAP-ENV-03,
Maplewood,2026-03-07T03:00:00Z,13.57,52.43,320.52,MAP-ENV-01,
Maplewood,2026-03-07T04:00:00Z,14.72,53.62,400.20,MAP-ENV-02,
Maplewood,2026-03-07T05:00:00Z,13.01,52.59,382.91,MAP-ENV-03,
Maplewood,2026-03-07T06:00:00Z,15.44,57.25,439.30,MAP-ENV-01,
Maplewood,2026-03-07T07:00:00Z,18.32,57.56,448.97,MAP-ENV-02,
Maplewood,2026-03-07T08:00:00Z,18.69,59.80,477.50,MAP-ENV-03,
Maplewood,2026-03-07T09:00:00Z,17.61,62.56,509.77,MAP-ENV-01,
Maplewood,2026-03-07T10:00:00Z,20.97,61.72,534.30,MAP-ENV-02,
Maplewood,2026-03-07T11:00:00Z,20.19,61.13,561.06,MAP-ENV-03,
Maplewood,2026-03-07T12:00:00Z,20.07,62.50,525.64,MAP-ENV-01,
Maplewood,2026-03-07T13:00:00Z,19.95,62.58,572.78,MAP-ENV-02,
Maplewood,2026-03-07T14:00:00Z,23.06,61.03,523.90,MAP-ENV-03,
Maplewood,2026-03-07T15:00:00Z,19.40,61.49,512.66,MAP-ENV-01,
Maplewood,2026-03-07T16:00:00Z,18.53,61.01,447.55,MAP-ENV-02,
Maplewood,2026-03-07T17:00:00Z,16.39,57.46,440.67,MAP-ENV-03,
Maplewood,2026-03-07T18:00:00Z,16.84,55.62,418.35,MAP-ENV-01,
Maplewood,2026-03-07T19:00:00Z,16.38,55.10,395.68,MAP-ENV-02,
Maplewood,2026-03-07T20:00:00Z,13.31,54.76,346.53,MAP-ENV-03,
Maplewood,2026-03-07T21:00:00Z,13.01,52.50,376.22,MAP-ENV-01,
Maplewood,2026-03-07T22:00:00Z,11.24,50.38,288.99,MAP-ENV-02,
Maplewood,2026-03-07T23:00:00Z,10.71,50.18,264.36,MAP-ENV-03,
Maplewood,2026-03-08T00:00:00Z,11.16,52.31,310.36,MAP-ENV-01,
Maplewood,2026-03-08T01:00:00Z,11.99,51.02,339.80,MAP-ENV-02,
Maplewood,2026-03-08T02:00:00Z,14.40,51.32,306.25,MAP-ENV-03,
Maplewood,2026-03-08T03:00:00Z,13.45,50.85,338.77,MAP-ENV-01,
Maplewood,2026-03-08T04:00:00Z,12.49,53.72,368.26,MAP-ENV-02,
Maplewood,2026-03-08T05:00:00Z,16.66,55.11,406.44,MAP-ENV-03,
Maplewood,2026-03-08T06:00:00Z,17.44,57.26,403.08,MAP-ENV-01,
Maplewood,2026-03-08T07:00:00Z,15.02,55.95,398.23,MAP-ENV-02,
Maplewood,2026-03-08T08:00:00Z,18.03,61.61,528.52,MAP-ENV-03,
Maplewood,2026-03-08T09:00:00Z,19.56,61.82,534.60,MAP-ENV-01,
Maplewood,2026-03-08T10:00:00Z,21.18,61.35,546.67,MAP-ENV-02,
Maplewood,2026-03-08T11:00:00Z,20.47,64.13,514.11,MAP-ENV-03,
Maplewood,2026-03-08T12:00:00Z,21.06,62.26,518.36,MAP-ENV-01,
Maplewood,2026-03-08T13:00:00Z,20.42,63.59,544.96,MAP-ENV-02,
Maplewood,2026-03-08T14:00:00Z,20.94,59.70,503.00,MAP-ENV-03,
Maplewood,2026-03-08T15:00:00Z,20.30,61.69,514.24,MAP-ENV-01,
Maplewood,2026-03-08T16:00:00Z,19.36,60.96,485.01,MAP-ENV-02,
Maplewood,2026-03-08T17:00:00Z,17.73,55.69,464.33,MAP-ENV-03,
Maplewood,2026-03-08T18:00:00Z,16.04,55.41,462.79,MAP-ENV-01,
Maplewood,2026-03-08T19:00:00Z,14.59,54.75,389.49,MAP-ENV-02,
Maplewood,2026-03-08T20:00:00Z,15.29,52.38,333.11,MAP-ENV-03,
Maplewood,2026-03-08T21:00:00Z,14.28,51.62,351.12,MAP-ENV-01,
Maplewood,2026-03-08T22:00:00Z,13.85,52.08,248.51,MAP-ENV-02,
Maplewood,2026-03-08T23:00:00Z,12.14,51.95,254.52,MAP-ENV-03,
Maplewood,2026-03-09T00:00:00Z,14.71,50.95,263.01,MAP-ENV-01,
Maplewood,2026-03-09T01:00:00Z,12.66,50.46,276.74,MAP-ENV-02,
Maplewood,2026-03-09T02:00:00Z,9.93,51.46,298.84,MAP-ENV-03,
Maplewood,2026-03-09T03:00:00Z,11.61,54.69,356.02,MAP-ENV-01,
Maplewood,2026-03-09T04:00:00Z,14.04,56.09,333.79,MAP-ENV-02,
Maplewood,2026-03-09T05:00:00Z,16.24,56.34,409.09,MAP-ENV-03,
Maplewood,2026-03-09T06:00:00Z,13.05,56.30,404.42,MAP-ENV-01,
Maplewood,2026-03-09T07:00:00Z,16.41,56.88,458.39,MAP-ENV-02,
Maplewood,2026-03-09T08:00:00Z,18.10,60.11,470.62,MAP-ENV-03,
Maplewood,2026-03-09T09:00:00Z,82.54,61.02,521.47,MAP-ENV-01,pm25
Maplewood,2026-03-09T10:00:00Z,20.09,58.65,537.96,MAP-ENV-02,
Maplewood,2026-03-09T11:00:00Z,19.04,63.68,576.50,MAP-ENV-03,
Maplewood,2026-03-09T12:00:00Z,19.89,64.34,561.15,MAP-ENV-01,
Maplewood,2026-03-09T13:00:00Z,21.74,63.10,610.64,MAP-ENV-02,
Maplewood,2026-03-09T14:00:00Z,20.95,63.02,523.16,MAP-ENV-03,
Maplewood,2026-03-09T15:00:00Z,18.07,59.16,504.04,MAP-ENV-01,
Maplewood,2026-03-09T16:00:00Z,16.36,59.66,492.79,MAP-ENV-02,
Maplewood,2026-03-09T17:00:00Z,17.47,56.47,463.99,MAP-ENV-03,
Maplewood,2026-03-09T18:00:00Z,17.32,57.74,441.91,MAP-ENV-01,
Maplewood,2026-03-09T19:00:00Z,14.38,57.66,375.99,MAP-ENV-02,
Maplewood,2026-03-09T20:00:00Z,15.83,52.65,409.37,MAP-ENV-03,
Maplewood,2026-03-09T21:00:00Z,14.31,52.62,316.55,MAP-ENV-01,
Maplewood,2026-03-09T22:00:00Z,13.25,51.84,329.60,MAP-ENV-02,
Maplewood,2026-03-09T23:00:00Z,12.10,51.65,291.49,MAP-ENV-03,
Maplewood,2026-03-10T00:00:00Z,11.02,48.80,266.67,MAP-ENV-01,
Maplewood,2026-03-10T01:00:00Z,9.02,49.44,284.45,MAP-ENV-02,
Maplewood,2026-03-10T02:00:00Z,13.07,52.82,362.54,MAP-ENV-03,
Maplewood,2026-03-10T03:00:00Z,11.59,51.46,334.72,MAP-ENV-01,
Maplewood,2026-03-10T04:00:00Z,13.99,52.06,400.27,MAP-ENV-02,
Maplewood,2026-03-10T05:00:00Z,13.92,53.79,420.88,MAP-ENV-03,
Maplewood,2026-03-10T06:00:00Z,17.70,59.57,380.41,MAP-ENV-01,
Maplewood,2026-03-10T07:00:00Z,17.21,57.91,469.70,MAP-ENV-02,
Maplewood,2026-03-10T08:00:00Z,17.76,61.47,522.13,MAP-ENV-03,
Maplewood,2026-03-10T09:00:00Z,17.38,60.08,513.01,MAP-ENV-01,
Maplewood,2026-03-10T10:00:00Z,20.41,62.77,537.05,MAP-ENV-02,
Maplewood,2026-03-10T11:00:00Z,19.34,62.41,569.23,MAP-ENV-03,
Maplewood,2026-03-10T12:00:00Z,20.19,63.32,584.02,MAP-ENV-01,
Maplewood,2026-03-10T13:00:00Z,20.58,62.75,558.52,MAP-ENV-02,
Maplewood,2026-03-10T14:00:00Z,19.75,62.76,519.55,MAP-ENV-03,
Maplewood,2026-03-10T15:00:00Z,17.84,61.29,539.83,MAP-ENV-01,
Maplewood,2026-03-10T16:00:00Z,16.44,60.38,469.26,MAP-ENV-02,
Maplewood,2026-03-10T17:00:00Z,16.85,58.94,445.81,MAP-ENV-03,
Maplewood,2026-03-10T18:00:00Z,17.63,57.02,442.44,MAP-ENV-01,
Maplewood,2026-03-10T19:00:00Z,14.00,56.23,409.66,MAP-ENV-02,
Maplewood,2026-03-10T20:00:00Z,13.34,52.14,389.42,MAP-ENV-03,
Maplewood,2026-03-10T21:00:00Z,14.59,54.63,303.94,MAP-ENV-01,
Maplewood,2026-03-10T22:00:00Z,13.48,51.38,302.24,MAP-ENV-02,
Maplewood,2026-03-10T23:00:00Z,11.83,52.28,249.72,MAP-ENV-03,
Maplewood,2026-03-11T00:00:00Z,13.71,50.32,323.85,MAP-ENV-01,
Maplewood,2026-03-11T01:00:00Z,9.95,48.65,303.63,MAP-ENV-02,
Maplewood,2026-03-11T02:00:00Z,11.54,51.03,310.73,MAP-ENV-03,
Maplewood,2026-03-11T03:00:00Z,11.30,54.03,347.57,MAP-ENV-01,
Maplewood,2026-03-11T04:00:00Z,13.83,52.88,352.61,MAP-ENV-02,
Maplewood,2026-03-11T05:00:00Z,14.15,57.55,391.70,MAP-ENV-03,
Maplewood,2026-03-11T06:00:00Z,16.66,59.32,402.40,MAP-ENV-01,
Maplewood,2026-03-11T07:00:00Z,16.92,61.75,431.07,MAP-ENV-02,
Maplewood,2026-03-11T08:00:00Z,20.21,59.53,438.79,MAP-ENV-03,
Maplewood,2026-03-11T09:00:00Z,19.94,59.69,551.53,MAP-ENV-01,
Maplewood,2026-03-11T10:00:00Z,19.06,64.21,548.21,MAP-ENV-02,
Maplewood,2026-03-11T11:00:00Z,17.80,59.64,587.36,MAP-ENV-03,
Maplewood,2026-03-11T12:00:00Z,19.85,62.40,533.16,MAP-ENV-01,
Maplewood,2026-03-11T13:00:00Z,18.72,64.17,533.03,MAP-ENV-02,
Maplewood,2026-03-11T14:00:00Z,18.01,61.27,559.92,MAP-ENV-03,
Maplewood,2026-03-11T15:00:00Z,16.28,61.92,568.94,MAP-ENV-01,
Maplewood,2026-03-11T16:00:00Z,17.78,60.23,471.01,MAP-ENV-02,
Maplewood,2026-03-11T17:00:00Z,16.33,55.50,449.93,MAP-ENV-03,
Maplewood,2026-03-11T18:00:00Z,18.75,56.09,435.49,MAP-ENV-01,
Maplewood,2026-03-11T19:00:00Z,13.76,56.18,390.84,MAP-ENV-02,
Maplewood,2026-03-11T20:00:00Z,13.73,54.30,386.05,MAP-ENV-03,
Maplewood,2026-03-11T21:00:00Z,11.43,53.10,350.04,MAP-ENV-01,
Maplewood,2026-03-11T22:00:00Z,11.31,51.91,327.50,MAP-ENV-02,
Maplewood,2026-03-11T23:00:00Z,13.17,52.10,297.72,MAP-ENV-03,
Maplewood,2026-03-12T00:00:00Z,10.25,50.86,309.34,MAP-ENV-01,
Maplewood,2026-03-12T01:00:00Z,11.67,50.77,274.79,MAP-ENV-02,
Maplewood,2026-03-12T02:00:00Z,9.98,47.71,324.95,MAP-ENV-03,
Maplewood,2026-03-12T03:00:00Z,11.15,52.47,317.35,MAP-ENV-01,
Maplewood,2026-03-12T04:00:00Z,14.45,57.09,375.45,MAP-ENV-02,
Maplewood,2026-03-12T05:00:00Z,13.27,57.21,384.04,MAP-ENV-03,
Maplewood,2026-03-12T06:00:00Z,14.78,56.34,413.22,MAP-ENV-01,
Maplewood,2026-03-12T07:00:00Z,16.76,59.66,457.24,MAP-ENV-02,
Maplewood,2026-03-12T08:00:00Z,17.06,58.05,467.71,MAP-ENV-03,
Maplewood,2026-03-12T09:00:00Z,15.97,58.37,504.17,MAP-ENV-01,
Maplewood,2026-03-12T10:00:00Z,19.45,63.14,536.16,MAP-ENV-02,
Maplewood,2026-03-12T11:00:00Z,21.25,61.90,546.98,MAP-ENV-03,
Maplewood,2026-03-12T12:00:00Z,19.70,64.06,509.38,MAP-ENV-01,
Maplewood,2026-03-12T13:00:00Z,18.98,61.97,544.17,MAP-ENV-02,
Maplewood,2026-03-12T14:00:00Z,18.88,62.04,525.49,MAP-ENV-03,
Maplewood,2026-03-12T15:00:00Z,19.09,59.35,517.92,MAP-ENV-01,
Maplewood,2026-03-12T16:00:00Z,18.75,60.59,502.80,MAP-ENV-02,
Maplewood,2026-03-12T17:00:00Z,16.49,55.34,429.63,MAP-ENV-03,
Maplewood,2026-03-12T18:00:00Z,18.48,58.88,418.50,MAP-ENV-01,
Maplewood,2026-03-12T19:00:00Z,13.02,56.73,374.38,MAP-ENV-02,
Maplewood,2026-03-12T20:00:00Z,13.64,54.40,329.10,MAP-ENV-03,
Maplewood,2026-03-12T21:00:00Z,13.89,55.04,316.94,MAP-ENV-01,
Maplewood,2026-03-12T22:00:00Z,13.14,51.46,310.45,MAP-ENV-02,
Maplewood,2026-03-12T23:00:00Z,15.39,51.47,298.10,MAP-ENV-03,
Maplewood,2026-03-13T00:00:00Z,12.45,48.98,284.38,MAP-ENV-01,
Maplewood,2026-03-13T01:00:00Z,14.30,51.44,357.31,MAP-ENV-02,
Maplewood,2026-03-13T02:00:00Z,11.63,50.58,304.75,MAP-ENV-03,
Maplewood,2026-03-13T03:00:00Z,13.91,51.17,334.94,MAP-ENV-01,
Maplewood,2026-03-13T04:00:00Z,13.90,52.63,341.03,MAP-ENV-02,
Maplewood,2026-03-13T05:00:00Z,15.46,54.79,370.34,MAP-ENV-03,
Maplewood,2026-03-13T06:00:00Z,17.89,56.42,402.74,MAP-ENV-01,
Maplewood,2026-03-13T07:00:00Z,18.25,57.66,437.06,MAP-ENV-02,
Maplewood,2026-03-13T08:00:00Z,18.67,58.93,470.30,MAP-ENV-03,
Maplewood,2026-03-13T09:00:00Z,20.07,61.22,520.94,MAP-ENV-01,
Maplewood,2026-03-13T10:00:00Z,20.12,65.95,553.48,MAP-ENV-02,
Maplewood,2026-03-13T11:00:00Z,19.13,62.32,510.10,MAP-ENV-03,
Maplewood,2026-03-13T12:00:00Z,20.97,60.15,516.09,MAP-ENV-01,
Maplewood,2026-03-13T13:00:00Z,19.89,61.66,549.48,MAP-ENV-02,
Maplewood,2026-03-13T14:00:00Z,19.24,59.61,509.75,MAP-ENV-03,
Maplewood,2026-03-13T15:00:00Z,19.37,61.10,503.93,MAP-ENV-01,
Maplewood,2026-03-13T16:00:00Z,17.58,60.28,491.31,MAP-ENV-02,
Maplewood,2026-03-13T17:00:00Z,17.59,62.34,437.23,MAP-ENV-03,
Maplewood,2026-03-13T18:00:00Z,17.09,54.48,451.00,MAP-ENV-01,
Maplewood,2026-03-13T19:00:00Z,13.71,57.07,400.90,MAP-ENV-02,
Maplewood,2026-03-13T20:00:00Z,15.34,53.52,368.27,MAP-ENV-03,
Maplewood,2026-03-13T21:00:00Z,12.31,52.54,346.61,MAP-ENV-01,
Maplewood,2026-03-13T22:00:00Z,15.49,50.93,313.21,MAP-ENV-02,
Maplewood,2026-03-13T23:00:00Z,13.02,52.63,302.89,MAP-ENV-03,
Maplewood,2026-03-14T00:00:00Z,14.61,48.32,288.50,MAP-ENV-01,
Maplewood,2026-03-14T01:00:00Z,12.17,50.92,275.43,MAP-ENV-02,
Maplewood,2026-03-14T02:00:00Z,9.73,52.55,329.31,MAP-ENV-03,
Maplewood,2026-03-14T03:00:00Z,15.94,52.45,337.57,MAP-ENV-01,
Maplewood,2026-03-14T04:00:00Z,13.86,52.63,354.59,MAP-ENV-02,
Maplewood,2026-03-14T05:00:00Z,14.59,53.42,334.18,MAP-ENV-03,
Maplewood,2026-03-14T06:00:00Z,17.94,55.12,457.22,MAP-ENV-01,
Maplewood,2026-03-14T07:00:00Z,19.05,58.14,421.57,MAP-ENV-02,
Maplewood,2026-03-14T08:00:00Z,18.95,60.66,505.11,MAP-ENV-03,
Maplewood,2026-03-14T09:00:00Z,19.02,61.61,481.16,MAP-ENV-01,
Maplewood,2026-03-14T10:00:00Z,18.25,61.80,533.28,MAP-ENV-02,
Maplewood,2026-03-14T11:00:00Z,20.04,61.78,541.87,MAP-ENV-03,
Maplewood,2026-03-14T12:00:00Z,19.56,61.37,554.12,MAP-ENV-01,
Maplewood,2026-03-14T13:00:00Z,20.38,64.71,523.96,MAP-ENV-02,
Maplewood,2026-03-14T14:00:00Z,21.50,61.69,544.30,MAP-ENV-03,
Maplewood,2026-03-14T15:00:00Z,18.38,61.13,506.16,MAP-ENV-01,
Maplewood,2026-03-14T16:00:00Z,17.59,62.95,496.23,MAP-ENV-02,
Maplewood,2026-03-14T17:00:00Z,14.54,59.44,483.30,MAP-ENV-03,
Maplewood,2026-03-14T18:00:00Z,15.32,56.54,454.39,MAP-ENV-01,
Maplewood,2026-03-14T19:00:00Z,14.16,59.12,394.70,MAP-ENV-02,
Maplewood,2026-03-14T20:00:00Z,15.93,56.04,403.69,MAP-ENV-03,
Maplewood,2026-03-14T21:00:00Z,12.24,51.27,303.06,MAP-ENV-01,
Maplewood,2026-03-14T22:00:00Z,12.98,51.95,292.29,MAP-ENV-02,
Maplewood,2026-03-14T23:00:00Z,11.13,53.44,297.82,MAP-ENV-03,
Rosedale,2026-03-01T00:00:00Z,8.19,39.04,239.92,ROS-ENV-01,
Rosedale,2026-03-01T01:00:00Z,8.62,38.20,244.89,ROS-ENV-02,
Rosedale,2026-03-01T02:00:00Z,7.60,39.02,263.74,ROS-ENV-03,
Rosedale,2026-03-01T03:00:00Z,8.27,41.15,278.37,ROS-ENV-01,
Rosedale,2026-03-01T04:00:00Z,8.55,41.05,268.93,ROS-ENV-02,
Rosedale,2026-03-01T05:00:00Z,8.10,44.85,332.25,ROS-ENV-03,
Rosedale,2026-03-01T06:00:00Z,9.83,45.98,326.45,ROS-ENV-01,
Rosedale,2026-03-01T07:00:00Z,11.64,46.96,357.26,ROS-ENV-02,
Rosedale,2026-03-01T08:00:00Z,9.63,49.02,412.63,ROS-ENV-03,
Rosedale,2026-03-01T09:00:00Z,11.70,49.49,450.41,ROS-ENV-01,
Rosedale,2026-03-01T10:00:00Z,11.02,50.91,417.46,ROS-ENV-02,
Rosedale,2026-03-01T11:00:00Z,11.96,51.46,439.73,ROS-ENV-03,
Rosedale,2026-03-01T12:00:00Z,11.34,49.08,459.60,ROS-ENV-01,
Rosedale,2026-03-01T13:00:00Z,13.02,51.61,435.04,ROS-ENV-02,
Rosedale,2026-03-01T14:00:00Z,12.26,46.82,398.96,ROS-ENV-03,
Rosedale,2026-03-01T15:00:00Z,12.48,49.24,400.87,ROS-ENV-01,
Rosedale,2026-03-01T16:00:00Z,10.48,48.47,409.12,ROS-ENV-02,
Rosedale,2026-03-01T17:00:00Z,10.33,46.74,375.86,ROS-ENV-03,
Rosedale,2026-03-01T18:00:00Z,9.40,45.29,331.32,ROS-ENV-01,
Rosedale,2026-03-01T19:00:00Z,9.27,43.79,308.92,ROS-ENV-02,
Rosedale,2026-03-01T20:00:00Z,8.69,40.72,281.96,ROS-ENV-03,
Rosedale,2026-03-01T21:00:00Z,7.20,42.26,266.73,ROS-ENV-01,
Rosedale,2026-03-01T22:00:00Z,6.99,41.78,209.32,ROS-ENV-02,
Rosedale,2026-03-01T23:00:00Z,7.08,37.43,218.52,ROS-ENV-03,
Rosedale,2026-03-02T00:00:00Z,7.07,40.38,235.66,ROS-ENV-01,
Rosedale,2026-03-02T01:00:00Z,8.48,40.08,281.04,ROS-ENV-02,
Rosedale,2026-03-02T02:00:00Z,6.99,40.15,221.57,ROS-ENV-03,
Rosedale,2026-03-02T03:00:00Z,8.12,39.13,288.04,ROS-ENV-01,
Rosedale,2026-03-02T04:00:00Z,7.63,39.90,279.85,ROS-ENV-02,
Rosedale,2026-03-02T05:00:00Z,8.34,44.80,316.46,ROS-ENV-03,
Rosedale,2026-03-02T06:00:00Z,10.21,46.28,330.50,ROS-ENV-01,
Rosedale,2026-03-02T07:00:00Z,10.14,45.27,407.30,ROS-ENV-02,
Rosedale,2026-03-02T08:00:00Z,11.09,50.64,403.80,ROS-ENV-03,
Rosedale,2026-03-02T09:00:00Z,12.91,48.59,412.90,ROS-ENV-01,
Rosedale,2026-03-02T10:00:00Z,11.98,51.33,398.51,ROS-ENV-02,
Rosedale,2026-03-02T11:00:00Z,12.04,47.61,429.56,ROS-ENV-03,
Rosedale,2026-03-02T12:00:00Z,13.33,48.91,410.07,ROS-ENV-01,
Rosedale,2026-03-02T13:00:00Z,13.30,50.53,425.87,ROS-ENV-02,
Rosedale,2026-03-02T14:00:00Z,12.10,50.14,421.91,ROS-ENV-03,
Rosedale,2026-03-02T15:00:00Z,11.14,47.35,382.44,ROS-ENV-01,
Rosedale,2026-03-02T16:00:00Z,10.25,48.66,363.10,ROS-ENV-02,
Rosedale,2026-03-02T17:00:00Z,10.16,47.12,374.81,ROS-ENV-03,
Rosedale,2026-03-02T18:00:00Z,11.21,45.76,337.04,ROS-ENV-01,
Rosedale,2026-03-02T19:00:00Z,9.40,47.42,313.73,ROS-ENV-02,
Rosedale,2026-03-02T20:00:00Z,8.39,41.01,259.70,ROS-ENV-03,
Rosedale,2026-03-02T21:00:00Z,7.79,41.24,275.86,ROS-ENV-01,
Rosedale,2026-03-02T22:00:00Z,7.18,40.44,222.69,ROS-ENV-02,
Rosedale,2026-03-02T23:00:00Z,8.07,38.70,252.55,ROS-ENV-03,
Rosedale,2026-03-03T00:00:00Z,7.83,38.91,239.29,ROS-ENV-01,
Rosedale,2026-03-03T01:00:00Z,8.22,38.97,222.96,ROS-ENV-02,
Rosedale,2026-03-03T02:00:00Z,9.00,40.64,236.81,ROS-ENV-03,
Rosedale,2026-03-03T03:00:00Z,7.92,41.43,249.59,ROS-ENV-01,
Rosedale,2026-03-03T04:00:00Z,9.12,40.39,321.41,ROS-ENV-02,
Rosedale,2026-03-03T05:00:00Z,8.93,44.22,301.78,ROS-ENV-03,
Rosedale,2026-03-03T06:00:00Z,10.84,45.88,333.65,ROS-ENV-01,
Rosedale,2026-03-03T07:00:00Z,11.18,45.01,330.53,ROS-ENV-02,
Rosedale,2026-03-03T08:00:00Z,11.06,44.85,388.72,ROS-ENV-03,
Rosedale,2026-03-03T09:00:00Z,12.36,49.50,409.46,ROS-ENV-01,
Rosedale,2026-03-03T10:00:00Z,13.30,53.43,423.66,ROS-ENV-02,
Rosedale,2026-03-03T11:00:00Z,13.42,48.89,462.93,ROS-ENV-03,
Rosedale,2026-03-03T12:00:00Z,11.24,50.14,478.33,ROS-ENV-01,
Rosedale,2026-03-03T13:00:00Z,12.38,52.84,420.00,ROS-ENV-02,
Rosedale,2026-03-03T14:00:00Z,13.64,52.87,438.47,ROS-ENV-03,
Rosedale,2026-03-03T15:00:00Z,12.56,49.99,405.51,ROS-ENV-01,
Rosedale,2026-03-03T16:00:00Z,11.33,47.25,394.92,ROS-ENV-02,
Rosedale,2026-03-03T17:00:00Z,10.28,47.53,379.99,ROS-ENV-03,
Rosedale,2026-03-03T18:00:00Z,8.09,47.22,311.32,ROS-ENV-01,
Rosedale,2026-03-03T19:00:00Z,8.49,42.35,297.65,ROS-ENV-02,
Rosedale,2026-03-03T20:00:00Z,9.19,41.76,312.84,ROS-ENV-03,
Rosedale,2026-03-03T21:00:00Z,7.52,41.46,236.89,ROS-ENV-01,
Rosedale,2026-03-03T22:00:00Z,8.79,38.01,248.51,ROS-ENV-02,
Rosedale,2026-03-03T23:00:00Z,8.31,37.55,256.99,ROS-ENV-03,
Rosedale,2026-03-04T00:00:00Z,7.02,38.43,254.20,ROS-ENV-01,
Rosedale,2026-03-04T01:00:00Z,6.45,36.90,251.33,ROS-ENV-02,
Rosedale,2026-03-04T02:00:00Z,8.32,38.36,254.07,ROS-ENV-03,
Rosedale,2026-03-04T03:00:00Z,7.09,43.42,267.17,ROS-ENV-01,
Rosedale,2026-03-04T04:00:00Z,9.08,44.40,292.87,ROS-ENV-02,
Rosedale,2026-03-04T05:00:00Z,8.83,43.54,354.88,ROS-ENV-03,
Rosedale,2026-03-04T06:00:00Z,10.48,45.28,344.39,ROS-ENV-01,
Rosedale,2026-03-04T07:00:00Z,11.10,43.33,367.45,ROS-ENV-02,
Rosedale,2026-03-04T08:00:00Z,10.32,48.85,410.62,ROS-ENV-03,
Rosedale,2026-03-04T09:00:00Z,11.64,48.75,452.89,ROS-ENV-01,
Rosedale,2026-03-04T10:00:00Z,14.47,48.49,423.62,ROS-ENV-02,
Rosedale,2026-03-04T11:00:00Z,13.05,49.78,407.44,ROS-ENV-03,
Rosedale,2026-03-04T12:00:00Z,12.89,51.71,474.56,ROS-ENV-01,
Rosedale,2026-03-04T13:00:00Z,12.50,50.71,434.57,ROS-ENV-02,
Rosedale,2026-03-04T14:00:00Z,11.72,52.45,393.45,ROS-ENV-03,
Rosedale,2026-03-04T15:00:00Z,11.83,47.89,405.32,ROS-ENV-01,
Rosedale,2026-03-04T16:00:00Z,10.62,45.79,401.59,ROS-ENV-02,
Rosedale,2026-03-04T17:00:00Z,11.90,45.85,381.76,ROS-ENV-03,
Rosedale,2026-03-04T18:00:00Z,7.44,43.07,361.56,ROS-ENV-01,
Rosedale,2026-03-04T19:00:00Z,10.69,44.43,322.52,ROS-ENV-02,
Rosedale,2026-03-04T20:00:00Z,9.35,43.70,311.01,ROS-ENV-03,
Rosedale,2026-03-04T21:00:00Z,9.42,38.70,272.50,ROS-ENV-01,
Rosedale,2026-03-04T22:00:00Z,6.34,39.85,271.26,ROS-ENV-02,
Rosedale,2026-03-04T23:00:00Z,6.34,40.43,273.85,ROS-ENV-03,
Rosedale,2026-03-05T00:00:00Z,7.42,39.46,1064.18,ROS-ENV-01,water_gal
Rosedale,2026-03-05T01:00:00Z,8.30,40.41,231.81,ROS-ENV-02,
Rosedale,2026-03-05T02:00:00Z,8.14,41.60,290.51,ROS-ENV-03,
Rosedale,2026-03-05T03:00:00Z,7.06,37.48,266.29,ROS-ENV-01,
Rosedale,2026-03-05T04:00:00Z,6.71,40.74,256.63,ROS-ENV-02,
Rosedale,2026-03-05T05:00:00Z,8.99,41.74,291.55,ROS-ENV-03,
Rosedale,2026-03-05T06:00:00Z,9.23,45.03,355.40,ROS-ENV-01,
Rosedale,2026-03-05T07:00:00Z,12.01,45.76,377.39,ROS-ENV-02,
Rosedale,2026-03-05T08:00:00Z,11.72,48.97,410.50,ROS-ENV-03,
Rosedale,2026-03-05T09:00:00Z,12.77,49.23,416.38,ROS-ENV-01,
Rosedale,2026-03-05T10:00:00Z,11.69,49.75,451.40,ROS-ENV-02,
Rosedale,2026-03-05T11:00:00Z,13.74,52.89,420.70,ROS-ENV-03,
Rosedale,2026-03-05T12:00:00Z,12.03,53.02,458.04,ROS-ENV-01,
Rosedale,2026-03-05T13:00:00Z,12.91,51.65,448.66,ROS-ENV-02,
Rosedale,2026-03-05T14:00:00Z,11.78,49.62,423.32,ROS-ENV-03,
Rosedale,2026-03-05T15:00:00Z,11.79,49.21,395.70,ROS-ENV-01,
Rosedale,2026-03-05T16:00:00Z,10.20,50.50,373.56,ROS-ENV-02,
Rosedale,2026-03-05T17:00:00Z,11.17,47.98,395.31,ROS-ENV-03,
Rosedale,2026-03-05T18:00:00Z,9.37,45.50,370.16,ROS-ENV-01,
Rosedale,2026-03-05T19:00:00Z,9.20,42.61,349.75,ROS-ENV-02,
Rosedale,2026-03-05T20:00:00Z,10.41,39.75,314.20,ROS-ENV-03,
Rosedale,2026-03-05T21:00:00Z,8.00,38.81,260.55,ROS-ENV-01,
Rosedale,2026-03-05T22:00:00Z,7.08,38.67,244.69,ROS-ENV-02,
Rosedale,2026-03-05T23:00:00Z,8.05,38.83,225.04,ROS-ENV-03,
Rosedale,2026-03-06T00:00:00Z,8.47,38.40,229.29,ROS-ENV-01,
Rosedale,2026-03-06T01:00:00Z,6.04,42.18,273.77,ROS-ENV-02,
Rosedale,2026-03-06T02:00:00Z,8.84,40.27,285.44,ROS-ENV-03,
Rosedale,2026-03-06T03:00:00Z,9.64,38.82,268.64,ROS-ENV-01,
Rosedale,2026-03-06T04:00:00Z,8.56,44.95,279.20,ROS-ENV-02,
Rosedale,2026-03-06T05:00:00Z,9.85,46.82,347.87,ROS-ENV-03,
Rosedale,2026-03-06T06:00:00Z,9.62,46.57,338.28,ROS-ENV-01,
Rosedale,2026-03-06T07:00:00Z,9.50,49.21,333.69,ROS-ENV-02,
Rosedale,2026-03-06T08:00:00Z,11.45,48.25,430.65,ROS-ENV-03,
Rosedale,2026-03-06T09:00:00Z,12.37,48.63,425.57,ROS-ENV-01,
Rosedale,2026-03-06T10:00:00Z,11.88,50.30,407.47,ROS-ENV-02,
Rosedale,2026-03-06T11:00:00Z,12.21,48.40,452.33,ROS-ENV-03,
Rosedale,2026-03-06T12:00:00Z,13.32,49.41,435.89,ROS-ENV-01,
Rosedale,2026-03-06T13:00:00Z,12.78,51.57,424.72,ROS-ENV-02,
Rosedale,2026-03-06T14:00:00Z,13.49,48.73,415.53,ROS-ENV-03,
Rosedale,2026-03-06T15:00:00Z,12.56,48.85,434.47,ROS-ENV-01,
Rosedale,2026-03-06T16:00:00Z,11.88,47.22,412.80,ROS-ENV-02,
Rosedale,2026-03-06T17:00:00Z,11.67,45.25,379.27,ROS-ENV-03,
Rosedale,2026-03-06T18:00:00Z,10.06,47.47,384.32,ROS-ENV-01,
Rosedale,2026-03-06T19:00:00Z,9.35,43.05,298.02,ROS-ENV-02,
Rosedale,2026-03-06T20:00:00Z,8.76,41.30,306.69,ROS-ENV-03,
Rosedale,2026-03-06T21:00:00Z,8.36,39.58,266.21,ROS-ENV-01,
Rosedale,2026-03-06T22:00:00Z,6.76,41.73,249.53,ROS-ENV-02,
Rosedale,2026-03-06T23:00:00Z,7.34,36.93,233.15,ROS-ENV-03,
Rosedale,2026-03-07T00:00:00Z,6.93,44.25,250.85,ROS-ENV-01,
Rosedale,2026-03-07T01:00:00Z,7.73,40.92,267.43,ROS-ENV-02,
Rosedale,2026-03-07T02:00:00Z,7.57,40.90,226.40,ROS-ENV-03,
Rosedale,2026-03-07T03:00:00Z,7.82,40.26,259.68,ROS-ENV-01,
Rosedale,2026-03-07T04:00:00Z,6.82,43.00,309.61,ROS-ENV-02,
Rosedale,2026-03-07T05:00:00Z,9.91,43.32,337.85,ROS-ENV-03,
Rosedale,2026-03-07T06:00:00Z,9.92,42.67,342.57,ROS-ENV-01,
Rosedale,2026-03-07T07:00:00Z,10.70,45.43,394.88,ROS-ENV-02,
Rosedale,2026-03-07T08:00:00Z,11.98,48.72,400.33,ROS-ENV-03,
Rosedale,2026-03-07T09:00:00Z,13.82,48.66,424.90,ROS-ENV-01,
Rosedale,2026-03-07T10:00:00Z,12.92,49.85,434.10,ROS-ENV-02,
Rosedale,2026-03-07T11:00:00Z,12.92,48.89,411.01,ROS-ENV-03,
Rosedale,2026-03-07T12:00:00Z,11.86,51.70,421.01,ROS-ENV-01,
Rosedale,2026-03-07T13:00:00Z,11.79,50.66,451.11,ROS-ENV-02,
Rosedale,2026-03-07T14:00:00Z,11.24,49.92,403.95,ROS-ENV-03,
Rosedale,2026-03-07T15:00:00Z,11.97,49.91,384.56,ROS-ENV-01,
Rosedale,2026-03-07T16:00:00Z,11.66,47.44,371.43,ROS-ENV-02,
Rosedale,2026-03-07T17:00:00Z,11.02,43.93,369.43,ROS-ENV-03,
Rosedale,2026-03-07T18:00:00Z,11.24,45.45,357.50,ROS-ENV-01,
Rosedale,2026-03-07T19:00:00Z,8.31,41.30,313.13,ROS-ENV-02,
Rosedale,2026-03-07T20:00:00Z,8.95,42.18,295.88,ROS-ENV-03,
Rosedale,2026-03-07T21:00:00Z,7.94,39.57,271.67,ROS-ENV-01,
Rosedale,2026-03-07T22:00:00Z,8.47,42.77,207.26,ROS-ENV-02,
Rosedale,2026-03-07T23:00:00Z,7.03,41.00,248.30,ROS-ENV-03,
Rosedale,2026-03-08T00:00:00Z,7.31,36.12,243.49,ROS-ENV-01,
Rosedale,2026-03-08T01:00:00Z,7.90,39.37,236.59,ROS-ENV-02,
Rosedale,2026-03-08T02:00:00Z,7.54,39.17,280.49,ROS-ENV-03,
Rosedale,2026-03-08T03:00:00Z,8.03,42.72,290.76,ROS-ENV-01,
Rosedale,2026-03-08T04:00:00Z,9.00,41.23,266.07,ROS-ENV-02,
Rosedale,2026-03-08T05:00:00Z,11.14,43.62,329.48,ROS-ENV-03,
Rosedale,2026-03-08T06:00:00Z,8.85,49.42,310.44,ROS-ENV-01,
Rosedale,2026-03-08T07:00:00Z,9.18,44.80,365.75,ROS-ENV-02,
Rosedale,2026-03-08T08:00:00Z,9.90,47.43,357.86,ROS-ENV-03,
Rosedale,2026-03-08T09:00:00Z,11.33,49.37,412.33,ROS-ENV-01,
Rosedale,2026-03-08T10:00:00Z,12.87,49.70,428.09,ROS-ENV-02,
Rosedale,2026-03-08T11:00:00Z,13.68,50.85,414.62,ROS-ENV-03,
Rosedale,2026-03-08T12:00:00Z,12.34,51.70,456.32,ROS-ENV-01,
Rosedale,2026-03-08T13:00:00Z,12.96,51.86,437.19,ROS-ENV-02,
Rosedale,2026-03-08T14:00:00Z,13.20,49.84,429.43,ROS-ENV-03,
Rosedale,2026-03-08T15:00:00Z,11.40,49.87,408.68,ROS-ENV-01,
Rosedale,2026-03-08T16:00:00Z,11.55,48.53,385.86,ROS-ENV-02,
Rosedale,2026-03-08T17:00:00Z,9.65,48.67,379.12,ROS-ENV-03,
Rosedale,2026-03-08T18:00:00Z,9.91,43.64,359.80,ROS-ENV-01,
Rosedale,2026-03-08T19:00:00Z,9.67,44.25,292.50,ROS-ENV-02,
Rosedale,2026-03-08T20:00:00Z,9.35,43.06,281.96,ROS-ENV-03,
Rosedale,2026-03-08T21:00:00Z,7.66,42.80,264.46,ROS-ENV-01,
Rosedale,2026-03-08T22:00:00Z,8.46,37.92,224.30,ROS-ENV-02,
Rosedale,2026-03-08T23:00:00Z,7.34,38.34,235.78,ROS-ENV-03,
Rosedale,2026-03-09T00:00:00Z,6.96,40.89,241.40,ROS-ENV-01,
Rosedale,2026-03-09T01:00:00Z,6.82,40.80,231.58,ROS-ENV-02,
Rosedale,2026-03-09T02:00:00Z,6.99,38.13,270.11,ROS-ENV-03,
Rosedale,2026-03-09T03:00:00Z,9.17,41.78,236.06,ROS-ENV-01,
Rosedale,2026-03-09T04:00:00Z,7.75,42.25,290.87,ROS-ENV-02,
Rosedale,2026-03-09T05:00:00Z,9.40,45.22,364.42,ROS-ENV-03,
Rosedale,2026-03-09T06:00:00Z,10.98,46.37,316.69,ROS-ENV-01,
Rosedale,2026-03-09T07:00:00Z,10.54,44.78,374.37,ROS-ENV-02,
Rosedale,2026-03-09T08:00:00Z,10.98,48.52,387.41,ROS-ENV-03,
Rosedale,2026-03-09T09:00:00Z,13.25,48.42,382.53,ROS-ENV-01,
Rosedale,2026-03-09T10:00:00Z,10.91,49.75,415.65,ROS-ENV-02,
Rosedale,2026-03-09T11:00:00Z,12.58,50.95,449.75,ROS-ENV-03,
Rosedale,2026-03-09T12:00:00Z,11.20,52.43,406.18,ROS-ENV-01,
Rosedale,2026-03-09T13:00:00Z,12.24,50.05,449.51,ROS-ENV-02,
Rosedale,2026-03-09T14:00:00Z,12.37,51.20,432.97,ROS-ENV-03,
Rosedale,2026-03-09T15:00:00Z,11.66,50.32,403.36,ROS-ENV-01,
Rosedale,2026-03-09T16:00:00Z,10.55,46.62,340.65,ROS-ENV-02,
Rosedale,2026-03-09T17:00:00Z,10.86,46.53,356.76,ROS-ENV-03,
Rosedale,2026-03-09T18:00:00Z,9.94,44.58,317.84,ROS-ENV-01,
Rosedale,2026-03-09T19:00:00Z,9.03,44.50,307.22,ROS-ENV-02,
Rosedale,2026-03-09T20:00:00Z,7.59,42.49,307.55,ROS-ENV-03,
Rosedale,2026-03-09T21:00:00Z,8.51,43.15,243.15,ROS-ENV-01,
Rosedale,2026-03-09T22:00:00Z,8.97,40.65,270.46,ROS-ENV-02,
Rosedale,2026-03-09T23:00:00Z,6.51,38.98,239.26,ROS-ENV-03,
Rosedale,2026-03-10T00:00:00Z,9.45,39.93,249.98,ROS-ENV-01,
Rosedale,2026-03-10T01:00:00Z,8.60,37.47,222.69,ROS-ENV-02,
Rosedale,2026-03-10T02:00:00Z,6.73,37.44,274.05,ROS-ENV-03,
Rosedale,2026-03-10T03:00:00Z,8.15,42.14,277.57,ROS-ENV-01,
Rosedale,2026-03-10T04:00:00Z,7.74,40.32,306.92,ROS-ENV-02,
Rosedale,2026-03-10T05:00:00Z,9.85,44.88,356.50,ROS-ENV-03,
Rosedale,2026-03-10T06:00:00Z,11.51,44.68,317.35,ROS-ENV-01,
Rosedale,2026-03-10T07:00:00Z,10.80,46.11,390.91,ROS-ENV-02,
Rosedale,2026-03-10T08:00:00Z,11.70,45.63,383.17,ROS-ENV-03,
Rosedale,2026-03-10T09:00:00Z,12.34,48.22,432.80,ROS-ENV-01,
Rosedale,2026-03-10T10:00:00Z,12.04,48.98,423.54,ROS-ENV-02,
Rosedale,2026-03-10T11:00:00Z,13.51,48.98,497.79,ROS-ENV-03,
Rosedale,2026-03-10T12:00:00Z,12.75,46.88,447.82,ROS-ENV-01,
Rosedale,2026-03-10T13:00:00Z,13.40,48.97,449.84,ROS-ENV-02,
Rosedale,2026-03-10T14:00:00Z,11.96,54.65,475.54,ROS-ENV-03,
Rosedale,2026-03-10T15:00:00Z,10.97,49.12,434.45,ROS-ENV-01,
Rosedale,2026-03-10T16:00:00Z,12.58,48.67,361.62,ROS-ENV-02,
Rosedale,2026-03-10T17:00:00Z,11.37,46.31,348.78,ROS-ENV-03,
Rosedale,2026-03-10T18:00:00Z,9.83,44.75,322.04,ROS-ENV-01,
Rosedale,2026-03-10T19:00:00Z,7.89,47.12,373.81,ROS-ENV-02,
Rosedale,2026-03-10T20:00:00Z,7.79,39.88,326.42,ROS-ENV-03,
Rosedale,2026-03-10T21:00:00Z,8.26,40.78,244.06,ROS-ENV-01,
Rosedale,2026-03-10T22:00:00Z,7.16,38.28,264.06,ROS-ENV-02,
Rosedale,2026-03-10T23:00:00Z,8.23,38.11,262.98,ROS-ENV-03,
Rosedale,2026-03-11T00:00:00Z,7.69,39.52,228.90,ROS-ENV-01,
Rosedale,2026-03-11T01:00:00Z,6.62,38.24,258.09,ROS-ENV-02,
Rosedale,2026-03-11T02:00:00Z,7.98,41.52,263.85,ROS-ENV-03,
Rosedale,2026-03-11T03:00:00Z,7.93,39.52,270.27,ROS-ENV-01,
Rosedale,2026-03-11T04:00:00Z,10.36,43.14,274.96,ROS-ENV-02,
Rosedale,2026-03-11T05:00:00Z,9.30,42.23,320.09,ROS-ENV-03,
Rosedale,2026-03-11T06:00:00Z,10.11,47.92,322.25,ROS-ENV-01,
Rosedale,2026-03-11T07:00:00Z,10.53,46.06,378.60,ROS-ENV-02,
Rosedale,2026-03-11T08:00:00Z,11.96,45.00,403.47,ROS-ENV-03,
Rosedale,2026-03-11T09:00:00Z,11.35,49.59,386.94,ROS-ENV-01,
Rosedale,2026-03-11T10:00:00Z,13.55,47.13,415.95,ROS-ENV-02,
Rosedale,2026-03-11T11:00:00Z,11.48,51.32,441.19,ROS-ENV-03,
Rosedale,2026-03-11T12:00:00Z,11.98,52.33,455.96,ROS-ENV-01,
Rosedale,2026-03-11T13:00:00Z,11.65,50.11,427.51,ROS-ENV-02,
Rosedale,2026-03-11T14:00:00Z,12.45,49.53,422.49,ROS-ENV-03,
Rosedale,2026-03-11T15:00:00Z,11.35,49.74,404.82,ROS-ENV-01,
Rosedale,2026-03-11T16:00:00Z,10.96,47.55,367.81,ROS-ENV-02,
Rosedale,2026-03-11T17:00:00Z,11.50,45.94,361.52,ROS-ENV-03,
Rosedale,2026-03-11T18:00:00Z,11.07,45.37,345.79,ROS-ENV-01,
Rosedale,2026-03-11T19:00:00Z,9.94,45.19,329.80,ROS-ENV-02,
Rosedale,2026-03-11T20:00:00Z,8.81,41.54,289.12,ROS-ENV-03,
Rosedale,2026-03-11T21:00:00Z,7.09,41.62,242.00,ROS-ENV-01,
Rosedale,2026-03-11T22:00:00Z,8.29,38.06,218.05,ROS-ENV-02,
Rosedale,2026-03-11T23:00:00Z,7.90,40.84,264.34,ROS-ENV-03,
Rosedale,2026-03-12T00:00:00Z,8.22,40.23,218.67,ROS-ENV-01,
Rosedale,2026-03-12T01:00:00Z,8.61,41.24,289.45,ROS-ENV-02,
Rosedale,2026-03-12T02:00:00Z,7.45,40.56,220.22,ROS-ENV-03,
Rosedale,2026-03-12T03:00:00Z,8.46,42.77,237.31,ROS-ENV-01,
Rosedale,2026-03-12T04:00:00Z,8.80,39.48,287.56,ROS-ENV-02,
Rosedale,2026-03-12T05:00:00Z,7.67,44.02,313.67,ROS-ENV-03,
Rosedale,2026-03-12T06:00:00Z,11.18,46.10,325.90,ROS-ENV-01,
Rosedale,2026-03-12T07:00:00Z,10.45,46.83,395.68,ROS-ENV-02,
Rosedale,2026-03-12T08:00:00Z,11.05,48.27,418.03,ROS-ENV-03,
Rosedale,2026-03-12T09:00:00Z,10.17,47.59,476.10,ROS-ENV-01,
Rosedale,2026-03-12T10:00:00Z,12.83,49.86,423.83,ROS-ENV-02,
Rosedale,2026-03-12T11:00:00Z,13.24,49.56,434.40,ROS-ENV-03,
Rosedale,2026-03-12T12:00:00Z,12.11,50.10,415.60,ROS-ENV-01,
Rosedale,2026-03-12T13:00:00Z,12.25,50.39,458.15,ROS-ENV-02,
Rosedale,2026-03-12T14:00:00Z,12.58,49.17,444.78,ROS-ENV-03,
Rosedale,2026-03-12T15:00:00Z,13.09,51.35,427.01,ROS-ENV-01,
Rosedale,2026-03-12T16:00:00Z,9.33,49.47,407.99,ROS-ENV-02,
Rosedale,2026-03-12T17:00:00Z,9.08,47.18,352.34,ROS-ENV-03,
Rosedale,2026-03-12T18:00:00Z,11.32,45.15,281.44,ROS-ENV-01,
Rosedale,2026-03-12T19:00:00Z,8.55,45.43,309.39,ROS-ENV-02,
Rosedale,2026-03-12T20:00:00Z,9.20,44.30,285.90,ROS-ENV-03,
Rosedale,2026-03-12T21:00:00Z,8.72,39.94,252.63,ROS-ENV-01,
Rosedale,2026-03-12T22:00:00Z,7.96,38.35,266.96,ROS-ENV-02,
Rosedale,2026-03-12T23:00:00Z,8.78,40.17,265.23,ROS-ENV-03,
Rosedale,2026-03-13T00:00:00Z,7.81,39.49,218.14,ROS-ENV-01,
Rosedale,2026-03-13T01:00:00Z,8.09,39.41,259.27,ROS-ENV-02,
Rosedale,2026-03-13T02:00:00Z,8.50,38.01,250.28,ROS-ENV-03,
Rosedale,2026-03-13T03:00:00Z,8.34,42.36,240.56,ROS-ENV-01,
Rosedale,2026-03-13T04:00:00Z,9.91,41.92,270.98,ROS-ENV-02,
Rosedale,2026-03-13T05:00:00Z,10.76,42.68,315.78,ROS-ENV-03,
Rosedale,2026-03-13T06:00:00Z,10.67,45.48,375.46,ROS-ENV-01,
Rosedale,2026-03-13T07:00:00Z,10.09,46.39,315.00,ROS-ENV-02,
Rosedale,2026-03-13T08:00:00Z,10.33,47.99,401.55,ROS-ENV-03,
Rosedale,2026-03-13T09:00:00Z,10.83,49.73,412.88,ROS-ENV-01,
Rosedale,2026-03-13T10:00:00Z,13.54,49.52,440.39,ROS-ENV-02,
Rosedale,2026-03-13T11:00:00Z,12.43,50.81,431.56,ROS-ENV-03,
Rosedale,2026-03-13T12:00:00Z,13.83,50.17,484.32,ROS-ENV-01,
Rosedale,2026-03-13T13:00:00Z,12.94,51.99,439.93,ROS-ENV-02,
Rosedale,2026-03-13T14:00:00Z,11.94,50.69,451.15,ROS-ENV-03,
Rosedale,2026-03-13T15:00:00Z,11.51,48.51,410.39,ROS-ENV-01,
Rosedale,2026-03-13T16:00:00Z,12.65,46.40,378.21,ROS-ENV-02,
Rosedale,2026-03-13T17:00:00Z,9.49,45.43,396.55,ROS-ENV-03,
Rosedale,2026-03-13T18:00:00Z,8.69,44.43,361.32,ROS-ENV-01,
Rosedale,2026-03-13T19:00:00Z,8.95,44.97,285.46,ROS-ENV-02,
Rosedale,2026-03-13T20:00:00Z,10.07,39.53,263.25,ROS-ENV-03,
Rosedale,2026-03-13T21:00:00Z,8.26,37.68,268.85,ROS-ENV-01,
Rosedale,2026-03-13T22:00:00Z,8.45,40.70,238.00,ROS-ENV-02,
Rosedale,2026-03-13T23:00:00Z,7.69,39.77,229.57,ROS-ENV-03,
Rosedale,2026-03-14T00:00:00Z,7.82,40.22,207.47,ROS-ENV-01,
Rosedale,2026-03-14T01:00:00Z,9.11,40.47,231.55,ROS-ENV-02,
Rosedale,2026-03-14T02:00:00Z,7.92,39.45,238.46,ROS-ENV-03,
Rosedale,2026-03-14T03:00:00Z,8.83,40.49,242.11,ROS-ENV-01,
Rosedale,2026-03-14T04:00:00Z,8.98,44.07,308.68,ROS-ENV-02,
Rosedale,2026-03-14T05:00:00Z,10.20,45.02,301.96,ROS-ENV-03,
Rosedale,2026-03-14T06:00:00Z,9.59,46.61,357.49,ROS-ENV-01,
Rosedale,2026-03-14T07:00:00Z,11.73,47.44,366.16,ROS-ENV-02,
Rosedale,2026-03-14T08:00:00Z,11.39,46.18,407.87,ROS-ENV-03,
Rosedale,2026-03-14T09:00:00Z,12.08,50.87,440.37,ROS-ENV-01,
Rosedale,2026-03-14T10:00:00Z,12.11,48.42,401.64,ROS-ENV-02,
Rosedale,2026-03-14T11:00:00Z,13.45,50.53,452.60,ROS-ENV-03,
Rosedale,2026-03-14T12:00:00Z,12.33,49.93,450.82,ROS-ENV-01,
Rosedale,2026-03-14T13:00:00Z,12.93,51.94,417.31,ROS-ENV-02,
Rosedale,2026-03-14T14:00:00Z,13.00,49.13,407.09,ROS-ENV-03,
Rosedale,2026-03-14T15:00:00Z,12.64,51.71,410.69,ROS-ENV-01,
Rosedale,2026-03-14T16:00:00Z,11.45,49.05,405.62,ROS-ENV-02,
Rosedale,2026-03-14T17:00:00Z,11.78,46.92,349.67,ROS-ENV-03,
Rosedale,2026-03-14T18:00:00Z,10.56,45.12,339.15,ROS-ENV-01,
Rosedale,2026-03-14T19:00:00Z,10.49,43.66,313.84,ROS-ENV-02,
Rosedale,2026-03-14T20:00:00Z,8.82,41.79,322.26,ROS-ENV-03,
Rosedale,2026-03-14T21:00:00Z,8.22,42.24,271.06,ROS-ENV-01,
Rosedale,2026-03-14T22:00:00Z,7.91,39.96,234.42,ROS-ENV-02,
Rosedale,2026-03-14T23:00:00Z,8.17,40.14,252.46,ROS-ENV-03,
